6	10級
7	20級
8	30級
9	40級
10	50級
11	60級
12	70級
13	80級
15	一堆寵物
16	誰點了砂鍋大的拳頭?
31	簡單的重複任務
32	2000個任務完成
33	凍原一點都不冷
34	我玩遍了峽灣
35	龍骨荒野之力
36	祖爾德拉克帝國
37	灰白之丘是我家後花園
38	風暴群山之顛
39	深入盆地
40	寒冰皇冠:最終目標
41	北裂境博學大師
42	探索東部王國
43	探索卡林多
44	探索外域
45	探索北裂境
46	世界探險家
49	奧特蘭克山谷獲勝次數
50	暴風之眼獲勝次數
51	阿拉希盆地獲勝次數
52	參與戰歌峽谷戰場次數
53	參與奧特蘭克山谷戰場次數
54	參與暴風之眼戰場次數
55	參與阿拉希盆地戰場次數
56	戰歌峽谷中的死亡次數
57	奧特蘭克山谷中的死亡次數
58	死於德雷克塔爾的次數
59	阿拉希盆地中的死亡次數
60	死亡總次數
73	使盆地蒙羞
94	放棄的任務數
95	平均一天完成的任務數
97	每日任務完成數
98	任務完成數
99	參與羅德隆廢墟賽事次數
100	試煉競技場獲勝次數
101	參與試煉競技場賽事次數
102	羅德隆廢墟獲勝次數
103	參與血之環賽事次數
104	血之環獲勝次數
105	戰歌峽谷獲勝次數
107	曾擊殺的生物
108	曾擊殺的小動物
110	擊殺最多次的巫妖王之怒5人首領
112	溺水致死次數
113	死於疲倦的次數
114	死於掉落的次數
115	死於火焰與熔岩的次數
116	專業中級職人
121	中級廚師
122	高級廚師
123	專家級廚師
124	大師級廚師
125	宗師級廚師
126	中級漁夫
127	高級漁夫
128	專家級漁夫
129	大師級漁夫
130	宗師級漁夫
131	習得中級急救技能
132	習得高級急救技能
133	習得專家級急救技能
134	習得大師級急救技能
135	習得宗師級急救技能
137	存起來
141	基本檢傷
144	海上潛伏者
150	垂釣外交官
153	地精老人與海
154	阿拉希盆地勝利
155	阿拉希盆地精兵
156	領土主宰
157	及時救援!
158	我和我的摸旗技術讓這一切成為現實
159	搞定它
161	強韌獲勝
162	我們終究贏了 *咳嗽*
165	阿拉希盆地完封
166	戰歌峽谷勝利
167	戰歌峽谷精兵
168	戰歌峽谷完封
178	已學會的附魔公式
181	曾經分解過的物品
183	藉由分解所產生的材料
189	最大治療量
193	最大傷害
197	傷害總量
198	治療總量
199	佔領旗幟
200	固執防衛者
201	戰歌快手
202	交旗快手
203	別在我的地盤鬧事
204	鐵人
206	無上防衛者
207	千鈞一髮
208	暴風之眼勝利
209	暴風之眼精兵
211	暴風榮耀
212	暴風籠罩
213	暴風突襲兵
214	狂風
216	為榮耀而生
218	奧特蘭克山谷勝利
219	奧特蘭克山谷精兵
220	雷矛完封
221	奧特蘭克盜墓者
222	哨塔防禦
223	病態的蹬羚
224	忠誠防禦者
225	什麼都用的上
226	奧特蘭克閃擊戰
227	傷害控制
229	死神
230	戰鬥大師
231	破壞鐵球
233	嗜血狂戰士
238	一個榮譽擊殺
239	25000次榮譽擊殺
245	不分職業
246	瞭解敵人
247	要愛，不要魔獸
248	週日盛裝
249	盛裝出席
252	朋友的小助手
255	把那個誰的頭帶給我…噢，等等
259	小氣財神
260	超可愛
263	凍死冰霜領主
271	燃燒的火柱之舞
272	火炬雜耍師
273	梅特森騎手!
275	老練褓母
277	季節到了
279	一整個討人厭
281	急救技能
283	化妝舞會
284	萬用面具
288	吐出來
289	萬鬼節的救星
291	檢查你的頭
292	邪惡呼喚
293	擾亂安寧
295	把酒喝光
303	有了桶子，就有樂子
306	艾澤拉斯釣手大師
318	死於敵對陣營的總次數
319	決鬥獲勝次數
320	決鬥落敗次數
321	團隊和地城中的死亡總數
322	死於巫妖王之怒地城首領的總次數
323	死於巫妖王之怒10人團隊首領的總次數
324	死於巫妖王之怒25人團隊首領的總次數
326	任務獎勵金幣總額
328	金幣獲得總額
329	委託拍賣總數
330	購得拍賣總數
331	購買過最貴的拍賣品
332	售出過最貴的拍賣品
333	拾取金幣總額
334	最大持有金幣總額
336	傳說級物品獲得總數
338	持有的小寵物數量
339	持有的坐騎數量
341	拾取過的史詩物品數量
342	史詩物品獲得總數
344	使用過的繃帶
345	服用過的治療藥水
346	飲用過的飲料
347	吃過的食物
349	飛行趟數
350	通過法師傳送門的總次數
353	爐石次數
362	5v5獲勝次數
363	參與5v5賽事次數
364	3v3獲勝次數
365	參與3v3賽事次數
366	2v2獲勝次數
367	參與2v2賽事次數
370	最高2v2個人積分
374	最高2v2隊伍積分
377	聲望達到崇拜總數
378	聲望達到崇敬以上的總數
381	世界榮譽擊殺數
382	戰場榮譽擊殺數
383	競技場榮譽擊殺數
388	城市防禦者
389	古拉巴什競技場大師
393	防守奧特蘭克山谷哨塔
394	佔領奧特蘭克山谷哨塔
395	奪取戰歌峽谷旗幟
396	古拉巴什競技場宗師
397	跨入競技場
398	無情獻身
399	只有我倆:1550
400	只有我倆:1750
401	只有我倆:2000
402	三人成行:1550
403	三人成行:1750
404	五強聚首:2000
405	三人成行:2000
406	五強聚首:1550
407	五強聚首:1750
408	熱門連勝
409	最後存活者
411	莫奇
412	魚人裝束
414	泰瑞爾之柄
415	暴風雪大熊
416	聖甲蟲領主
418	殘忍鬥士
419	復仇鬥士
420	野蠻鬥士
424	問我為什麼?因為它是紅色的
425	阿泰絲，守護者之杖
426	埃辛諾斯戰刃
428	雷霆之怒，逐風者的祝福之刃
429	薩弗拉斯，炎魔拉格納羅斯之手
430	阿曼尼戰熊
431	阿達歐之手
432	那魯的勇士
433	總元帥
434	戰場元帥
435	指揮官
436	少校
437	一等騎士
438	上尉騎士
439	騎士
440	士官長
441	上士
442	士兵
443	高階督軍
444	中將
445	督軍
446	將軍
447	勇士
448	百夫長
449	血衛士
450	資深士官
451	石衛士
452	一等士官
453	士官
454	斥候
456	伺服器首殺!黑曜殺戮者
457	伺服器首位!80級玩家
458	伺服器首位!80級盜賊
459	伺服器首位!80級戰士
460	伺服器首位!80級法師
461	伺服器首位!80級死亡騎士
462	伺服器首位!80級獵人
463	伺服器首位!80級術士
464	伺服器首位!80級牧師
465	伺服器首位!80級聖騎士
466	伺服器首位!80級德魯伊
467	伺服器首位!80級薩滿
468	蠻兵
469	軍團士兵
470	下士
471	士官
472	中尉騎士
473	元帥
477	俄特加德要塞
478	奧核之心
479	斯坦索姆的抉擇
480	阿茲歐-奈幽
481	安卡罕特:古王國
482	德拉克薩隆要塞
483	紫羅蘭堡
484	剛德拉克
485	石之大廳
486	雷光大廳
487	奧核之眼
488	俄特加德之巔
489	英雄:俄特加德要塞
490	英雄:奧核之心
491	英雄:阿茲歐-奈幽
492	英雄:安卡罕特:古王國
493	英雄:德拉克薩隆要塞
494	英雄:紫羅蘭堡
495	英雄:剛德拉克
496	英雄:石之大廳
497	英雄:雷光大廳
498	英雄:奧核之眼
499	英雄:俄特加德之巔
500	英雄:斯坦索姆的抉擇
503	50個任務完成
504	100個任務完成
505	250個任務完成
506	500個任務完成
507	1000個任務完成
508	1500個任務完成
509	10000次榮譽擊殺
512	5000次榮譽擊殺
513	100次榮譽擊殺
515	500次榮譽擊殺
516	1000次榮譽擊殺
518	30項聲望崇拜
519	25項聲望崇拜
520	20項聲望崇拜
521	15項聲望崇拜
522	還是有人喜歡我
523	5項聲望崇拜
524	10項聲望崇拜
527	承受過最大的傷害量
528	總承受傷害量
529	聲望達到尊敬以上的總數
545	造型
546	安全存放
547	憤怒之門精兵
556	紫裝人
557	藍裝人
558	我貪
559	我需
560	捕捉最致命的漁獲
561	D.E.H.T.A的小P.I.T.A.
562	蜘蛛區(10人)
563	蜘蛛區(25人)
564	傀儡區(10人)
565	傀儡區(25人)
566	瘟疫區(10人)
567	瘟疫區(25人)
568	軍事區(10人)
569	軍事區(25人)
572	薩菲隆的消亡(10人)
573	薩菲隆的消亡(25人)
574	擊敗科爾蘇加德(10人)
575	擊敗科爾蘇加德(25人)
576	納克薩瑪斯全破(10人)
577	納克薩瑪斯全破(25人)
578	小兵立大功(10人)
579	小兵立大功(25人)
582	奧特蘭克山谷明星
583	阿拉希盆地明星
584	阿拉希盆地暗殺者
585	奪取暴風之眼旗幟
586	歸還戰歌峽谷旗幟
587	暴風暗殺者
588	榮譽擊殺總數
589	最高5v5隊伍積分
590	最高3v3隊伍積分
593	死於范達爾·雷矛的次數
594	死於霍格的次數
595	最高3v3個人積分
596	最高5v5個人積分
603	部落之怒
604	聯盟之怒
605	一枚先祖硬幣
606	5枚先祖硬幣
607	10枚先祖硬幣
608	25枚先祖硬幣
609	50枚先祖硬幣
610	大酋長之死!
611	染血的血蹄
612	黑暗女王殞命
613	奎爾薩拉斯暗殺
614	為了聯盟!
615	暴風城風暴降臨
616	國王之死!
617	不朽的終止
618	熄滅聖光
619	為了部落!
621	象徵
622	織法者的隕落(10人)
623	織法者的隕落(25人)
624	以退為進(10人)
625	擊敗黑龍軍團(25人)
626	新年節慶華服
627	探索丹莫洛
628	死亡礦坑
629	怒焰裂谷
630	哀嚎洞穴
631	影牙城堡
632	黑暗深淵
633	暴風城監獄
634	諾姆瑞根
635	剃刀沼澤
636	剃刀高地
637	血色修道院
638	奧達曼
639	祖爾法拉克
640	瑪拉頓
641	沉沒的神廟
642	黑石深淵
643	黑石塔
644	厄運之槌之王
645	通靈學院
646	斯坦索姆
647	地獄火壁壘
648	血熔爐
649	奴隸監獄
650	深幽泥沼
651	法力墓地
652	逃離敦霍爾德
653	塞司克大廳
654	暗影迷宮
655	開啟黑暗之門
656	蒸汽洞窟
657	破碎大廳
658	麥克納爾
659	波塔尼卡
660	亞克崔茲
661	博學者殿堂
662	典藏版:迷你破壞神
663	典藏版:熊貓
664	典藏版:跳跳蟲
665	典藏版:虛空幼龍
666	奧奇奈地穴
667	英雄:地獄火壁壘
668	英雄:血熔爐
669	英雄:奴隸監獄
670	英雄:深幽泥沼
671	英雄:法力墓地
672	英雄:奧奇奈地穴
673	英雄:逃離敦霍爾德
674	英雄:塞司克大廳
675	英雄:暗影迷宮
676	英雄:開啟黑暗之門
677	英雄:蒸汽洞窟
678	英雄:破碎大廳
679	英雄:麥克納爾
680	英雄:波塔尼卡
681	英雄:亞克崔茲
682	英雄:博學者殿堂
683	典藏版:冰霜巨龍幼龍
684	奧妮克希亞的巢穴(60級)
685	黑翼之巢
686	熔火之心
687	安其拉神廟
688	祖爾格拉布
689	安其拉廢墟
690	卡拉贊
691	祖阿曼
692	戈魯爾之巢
693	瑪瑟里頓的巢穴
694	毒蛇神殿洞穴
695	海加爾山戰役
696	風暴要塞
697	黑暗神廟
698	太陽之井高地
699	寰宇贏家
700	部落的自由
701	聯盟的自由
705	武具大師
706	霜狼嗥叫者
707	雷矛軍用戰騎
708	霜狼氏族的英雄
709	雷矛衛隊的英雄
710	污染者
711	阿拉索騎士
712	戰歌先遣騎
713	銀翼哨兵
714	征服者
725	索瑞達爾，眾星之怒
726	皮恩奇先生的魔法喇蛄盒
727	呼喚騎兵
728	探索杜洛塔
729	死亡戰騎韁繩
730	付帳的技巧
731	專業高級職人
732	專業專家
733	專業大師
734	專業大宗師
735	日以繼夜工作
736	探索莫高雷
750	探索貧瘠之地
752	納克薩瑪斯中的死亡次數
753	平均每日獲得金幣
759	平均一天完成的每日任務數
760	探索奧特蘭克山脈
761	探索阿拉希高地
762	部落大使
763	燃燒十字軍
764	燃燒十字軍
765	探索荒蕪之地
766	探索詛咒之地
768	探索提里斯法林地
769	探索銀松森林
770	探索西瘟疫之地
771	探索東瘟疫之地
772	探索希爾斯布萊德丘陵
773	探索辛特蘭
774	探索灼熱峽谷
775	探索燃燒平原
776	探索艾爾文森林
777	探索逆風小徑
778	探索暮色森林
779	探索洛克莫丹
780	探索赤脊山
781	探索荊棘谷
782	探索悲傷沼澤
783	完美的風暴
784	暴風之眼主宰
796	由牧師復活
798	由德魯伊復生
799	由薩滿將靈魂導回體內
800	由聖騎士救贖
801	由靈魂石復活
802	探索西部荒野
811	服用過的精鍊藥劑
812	曾使用過的治療石
829	承受過最大的治療量
830	所受的治療總量
837	競技場獲勝次數
838	參與競技場次數
839	參與戰場次數
840	戰場獲勝次數
841	探索濕地
842	探索泰達希爾
843	探索虛空風暴
844	探索黑海岸
845	探索梣谷
846	探索千針石林
847	探索石爪山脈
848	探索淒涼之地
849	探索菲拉斯
850	探索塵泥沼澤
851	探索塔納利斯沙漠
852	探索艾薩拉
853	探索費伍德森林
854	探索安戈洛環形山
855	探索月光林地
856	探索希利蘇斯
857	探索冬泉谷
858	探索鬼魂之地
859	探索永歌森林
860	探索藍謎島
861	探索血謎島
862	探索地獄火半島
863	探索贊格沼澤
864	探索影月谷
865	探索劍刃山脈
866	探索納葛蘭
867	探索泰洛卡森林
868	探索奎爾達納斯之島
869	50000次榮譽擊殺
870	100000次榮譽擊殺
871	敬禮，艦隊司令!
872	狂亂防禦者
873	霜狼完封
875	復仇獻身
876	野蠻獻身
877	這蛋糕不是騙人的
878	這下逃不掉了
879	守舊坐騎
880	迅捷祖利安猛虎
881	迅捷拉札希迅猛龍
882	熾炎戰馬韁繩
883	烏鴉領主韁繩
884	迅捷白色陸行鷹
885	歐爾灰燼
886	迅捷虛空龍
887	殘忍虛空龍
888	復仇虛空龍
889	玩命關頭
890	駭速快手
891	駕駕!
892	終極殺陣
893	塞納里奧戰爭角鷹獸
894	飛越司凱堤斯
896	一天一任務，巨魔不上身
897	你的進攻真猛烈
898	在虛空之翼上
899	喔我的天，卡爾奈
900	斯博格爾沙皇
901	德拉諾的瑪格哈
902	首席資深官員
903	撒塔斯派系
905	老人巴洛認可
906	型男大主廚
907	審判者
908	戰爭的號角!
909	戰爭的號角!
910	地城中的長者
911	卡林多的長者
912	東部王國的長者
913	榮耀長者
914	部落的長者
915	聯盟的長者
916	25人團隊中的死亡總數
917	10人團隊中的死亡總數
918	5人地城中的死亡總數
919	從拍賣獲得的金幣總額
921	從商人獲得的金幣總額
922	服用過的法力藥水
923	服用過的藥劑
924	北裂境聲望達到崇拜總數
925	外域聲望達到崇拜總數
926	部落聲望達到崇拜總數
927	同時裝備史詩物品的數量
928	銀行總空間購買量
931	接觸過的總聲望數
932	進入過的5人地城總數
933	進入過的10人團隊副本總數
934	進入過的25人團隊副本總數
937	伊露恩的祝福
938	北裂境的霜雪
939	白色伊萊克般的山巒
940	荊棘谷的青山
941	赫米特·奈辛瓦里:任務大全
942	外交官
943	外交官
944	愛在隧道中
945	銀白勇士
946	銀色黎明
947	銀白十字軍
948	聯盟大使
949	巨牙末日
950	狂心部族
951	神諭者
952	休拉薩傭兵
953	塞納留斯守護者
955	海達希亞水元素
956	諾茲多姆的子嗣
957	贊達拉部族的英雄
958	死亡誓言者的誓徒
959	流沙之鱗
960	紫羅蘭之眼
961	狂心榮譽族人
962	神諭者救星
963	卡林多之不給糖就搗蛋
964	電梯往下?
965	卡林多之不給糖就搗蛋
966	東部王國之不給糖就搗蛋
967	東部王國之不給糖就搗蛋
968	外域之不給糖就搗蛋
969	外域之不給糖就搗蛋
970	艾澤拉斯之不給糖就搗蛋
971	艾澤拉斯之不給糖就搗蛋
972	不給糖就搗蛋!
973	5個每日任務
974	50個每日任務完成
975	200個每日任務完成
976	500個每日任務完成
977	1000個每日任務完成
978	3000個任務完成
979	面具任務
980	無頭騎士韁繩
981	閃耀的微笑
1005	瞭解敵人
1006	城市防禦者
1007	龍眠協調者
1008	祈倫托
1009	黯刃騎士團
1010	北裂境先鋒
1011	北地之風
1012	北地之風
1014	35項聲望崇拜
1015	40項聲望崇拜
1017	我能養他嗎?
1020	十件外袍
1021	二十五件外袍
1022	東部王國火焰看守者
1023	卡林多火焰看守者
1024	外域火焰看守者
1025	東部王國火焰守護者
1026	卡林多火焰守護者
1027	外域火焰守護者
1028	東部王國熄燈號
1029	卡林多熄燈號
1030	外域熄燈號
1031	東部王國熄燈號
1032	卡林多熄燈號
1033	外域熄燈號
1034	艾澤拉斯之火
1035	褻瀆部落
1036	艾澤拉斯之火
1037	褻瀆聯盟
1038	火焰看守者
1039	火焰守護者
1040	發臭的萬鬼節
1041	發臭的萬鬼節
1042	擁抱的次數
1043	分配過程中選擇貪婪的次數
1044	分配過程中選擇需求的次數
1045	歡呼總數
1047	遮臉總數
1057	2v2中的死亡次數
1065	揮手總數
1066	狂笑總次數
1067	小聲哭的總次數
1068	『破壞者』凱利丹擊殺數(血熔爐)
1069	奈薩斯王子薩法爾擊殺數(法力墓地)
1070	紀元狩獵者擊殺數(逃離敦霍爾德)
1071	奎克米瑞擊殺數(奴隸監獄)
1072	黑色潛獵者擊殺數(深幽泥沼)
1073	主教瑪拉達爾擊殺數(奧奇奈地穴)
1074	鷹王伊奇斯擊殺數(塞司克大廳)
1075	莫爾墨擊殺數(暗影迷宮)
1076	艾奧那斯擊殺數(開啟黑暗之門)
1077	督軍卡利斯瑞擊殺數(蒸汽洞窟)
1078	大酋長卡加斯·刃拳擊殺數(破碎大廳)
1079	操縱者帕薩里歐擊殺數(麥克納爾)
1080	扭曲分裂者擊殺數(波塔尼卡)
1081	先驅者史蓋力司擊殺數(亞克崔茲)
1082	凱爾薩斯·逐日者擊殺數(博學者殿堂)
1083	莫克札王子擊殺數(卡拉贊)
1084	祖爾金擊殺數(祖阿曼)
1085	戈魯爾擊殺數(戈魯爾之巢)
1086	瑪瑟里頓擊殺數(瑪瑟里頓的巢穴)
1087	瓦許女士擊殺數(毒蛇洞穴)
1088	凱爾薩斯·逐日者擊殺數(風暴要塞)
1089	伊利丹·怒風擊殺數(黑暗神廟)
1090	基爾加丹擊殺數(太陽之井高地)
1091	艾德溫·范克里夫擊殺數(死亡礦坑)
1092	大法師阿魯高擊殺數(影牙城堡)
1093	血色十字軍指揮官莫格萊尼擊殺數(血色修道院)
1094	烏克茲·沙頂擊殺數(祖爾法拉克)
1095	達格蘭·索瑞森大帝擊殺數(黑石深淵)
1096	達基薩斯將軍擊殺數(黑石塔)
1097	瑞文戴爾男爵擊殺數(斯坦索姆)
1098	奧妮克希亞擊殺數(奧妮克希亞的巢穴)
1099	拉格納羅斯擊殺數(熔火之心)
1100	奈法利安擊殺數(黑翼之巢)
1101	克蘇恩擊殺數(安其拉神廟)
1102	哈卡擊殺數(祖爾格拉布)
1103	巫妖王之怒5人地城的完成次數(擊殺最後首領)
1104	巫妖王之怒10人副本的完成次數(擊殺最後首領)
1106	暴風之眼中的死亡次數
1107	3v3中的死亡次數
1108	5v5中的死亡次數
1109	5v5競技場榮譽擊殺數
1110	3v3競技場榮譽擊殺數
1111	2v2競技場榮譽擊殺數
1112	暴風之眼榮譽擊殺數
1113	奧特蘭克山谷榮譽擊殺數
1114	阿拉希盆地榮譽擊殺數
1115	戰歌峽谷榮譽擊殺數
1125	使用過最多的繃帶
1145	火焰節慶之王
1146	旅行的花費總額
1147	美容沙龍的花費總額
1148	郵寄的花費總額
1149	天賦重置總次數
1150	天賦重置的花費總額
1151	忠誠防禦者
1153	極度防禦
1157	嗜殺
1159	只有我倆:2200
1160	三人成行:2200
1161	五強聚首:2200
1162	大熱門連勝
1164	什麼都用的上
1165	我的袋子是「巨無霸」的喔
1166	贏家全拿
1167	奧特蘭克山谷大師
1168	奧特蘭克山谷大師
1169	阿拉希盆地大師
1170	阿拉希盆地大師
1171	暴風之眼大師
1172	戰歌峽谷大師
1173	戰歌峽谷大師
1174	競技場大師
1175	戰鬥大師
1176	我滿腦子都是錢
1177	我滿腦子都是錢
1178	我滿腦子都是錢
1180	我滿腦子都是錢
1181	我滿腦子都是錢
1182	麵包贏家
1183	年度啤酒
1184	怪酒
1185	啤酒節餐
1186	打倒黑鐵
1187	鑰匙大師
1188	正中紅心!
1189	來去地獄火
1190	沼澤之謎
1191	泰洛卡大恐慌
1192	納葛蘭滿貫
1193	刀鋒邊緣
1194	深入虛空
1195	背叛者之影
1197	擊殺總數
1198	得到經驗值或榮譽的擊殺總數
1199	學得的專業技能數量
1200	次要技能達到上限的數量
1201	專業技能達到上限的數量
1202	武器技能達到上限的數量
1203	怪酒
1205	撒塔斯的英雄
1206	獻給所有我愛過的松鼠
1225	外域小釣手
1229	由德魯伊復活
1231	凱瑞史卓莎擊殺數 (奧核之心)
1232	阿努巴拉克擊殺數(阿茲歐-奈幽)
1233	信使沃菈齊擊殺數(安卡罕特:古王國)
1234	預言者薩隆杰擊殺數(德拉克薩隆要塞)
1235	霞妮苟莎擊殺數(紫羅蘭堡)
1236	蓋爾達拉擊殺數(剛德拉克)
1237	『塑鐵者』斯雍尼爾擊殺數(石之大廳)
1238	洛肯擊殺數(雷光大廳)
1239	地脈守護者伊瑞茍斯擊殺數(奧核之眼)
1240	依米倫王擊殺數(俄特加德之巔)
1241	擊敗瑪爾加尼斯(時光之穴:斯坦索姆)
1242	『盜掠者』因格瓦擊殺數(俄特加德要塞)
1243	魚兒不會留下足跡
1244	飽讀詩書
1248	寵物過剩
1250	謹慎購物，購買寵物…也要謹慎
1251	別在我的地盤鬧事
1252	無上防衛者
1253	復活成為食屍鬼
1254	是夥伴還是火雞?
1255	小氣財神
1257	拾荒客
1258	讓他冷靜
1259	別那麼心急
1260	酩酊大醉
1261	G.N.E.R.D.之怒
1262	外域博學大師
1263	探索凜風峽灣
1264	探索北風凍原
1265	探索龍骨荒野
1266	探索灰白之丘
1267	探索祖爾德拉克
1268	探索休拉薩盆地
1269	探索風暴群山
1270	探索寒冰皇冠
1271	來去地獄火
1272	泰洛卡大恐慌
1273	納葛蘭滿貫
1274	外域博學大師
1275	轟炸快手
1276	劍刃炸彈客
1277	快速防禦
1279	自找死路
1280	自找死路
1281	火箭紅光
1282	拉拉拉-歐格利拉
1283	艾澤拉斯地城大師
1284	外域地城大師
1285	艾澤拉斯團隊高手
1286	外域團隊高手
1287	外域地城英雄
1288	北裂境地城大師
1289	北裂境地城英雄
1291	一個人嗎?
1292	黃色啤酒節酒杯
1293	藍色啤酒節酒杯
1295	暴力粉碎
1296	袖手旁觀
1297	拒絕哈卓諾克斯
1298	使用不同等級的繃帶
1299	最常服用的治療藥水
1300	服用不同等級的治療藥水
1301	最常服用的法力藥水
1302	服用不同等級的法力藥水
1303	最常服用的藥劑
1304	服用不同的藥劑
1305	最常服用的精鍊藥劑
1306	服用不同的精鍊藥劑
1307	黑石塔上層
1308	遠祖灘頭勝利
1309	遠祖灘頭精兵
1310	襲捲沿岸
1311	中等稀少
1312	超級稀少
1336	最常擊殺的生物種類
1337	曾擊殺過不同的生物種類
1339	最常使用的法師傳送門
1356	我玩遍了峽灣
1357	灰白之丘是我家後花園
1358	凍原一點都不冷
1359	龍骨荒野之力
1360	北裂境博學大師
1361	阿努比瑞克漢擊殺數 (納克薩瑪斯10人)
1362	大寡婦費琳娜擊殺數 (納克薩瑪斯10人)
1363	梅克絲娜擊殺數 (納克薩瑪斯10人)
1364	縫補者擊殺數 (納克薩瑪斯10人)
1365	『瘟疫使者』諾斯擊殺數 (納克薩瑪斯10人)
1366	『收割者』高希擊殺數 (納克薩瑪斯10人)
1367	縫補者擊殺數 (納克薩瑪斯25人)
1368	阿努比瑞克漢擊殺數 (納克薩瑪斯25人)
1369	『不潔者』海根擊殺數 (納克薩瑪斯10人)
1370	憎恨者擊殺數 (納克薩瑪斯10人)
1371	葛羅巴斯擊殺數 (納克薩瑪斯10人)
1372	古魯斯擊殺數 (納克薩瑪斯10人)
1373	泰迪斯擊殺數 (納克薩瑪斯10人)
1374	講師拉祖維斯擊殺數 (納克薩瑪斯10人)
1375	四騎士擊殺數 (納克薩瑪斯10人)
1376	薩菲隆擊殺數 (納克薩瑪斯10人)
1377	科爾蘇加德擊殺數 (納克薩瑪斯10人)
1378	古魯斯擊殺數 (納克薩瑪斯25人)
1379	『收割者』高希擊殺數 (納克薩瑪斯25人)
1380	大寡婦費琳娜擊殺數 (納克薩瑪斯25人)
1381	葛羅巴斯擊殺數 (納克薩瑪斯25人)
1382	『不潔者』海根擊殺數 (納克薩瑪斯25人)
1383	四騎士擊殺數 (納克薩瑪斯25人)
1384	講師拉祖維斯擊殺數 (納克薩瑪斯25人)
1385	憎恨者擊殺數 (納克薩瑪斯25人)
1386	梅克絲娜擊殺數 (納克薩瑪斯25人)
1387	『瘟疫使者』諾斯擊殺數 (納克薩瑪斯25人)
1388	泰迪斯擊殺數 (納克薩瑪斯25人)
1389	薩菲隆擊殺數 (納克薩瑪斯25人)
1390	科爾蘇加德擊殺數 (納克薩瑪斯25人)
1391	瑪里苟斯擊殺數(10人)
1392	撒爾薩里安擊殺數(守護巨龍之間10人)
1393	撒爾薩里安擊殺數(守護巨龍之間25人)
1394	瑪里苟斯擊殺數(25人)
1396	北裂境的長者
1400	伺服器首殺!魔法追尋者
1402	伺服器首殺!納克薩瑪斯征服者
1404	伺服器首位!80級地精
1405	伺服器首位!80級血精靈
1406	伺服器首位!80級德萊尼
1407	伺服器首位!80級矮人
1408	伺服器首位!80級人類
1409	伺服器首位!80級夜精靈
1410	伺服器首位!80級獸人
1411	伺服器首位!80級牛頭人
1412	伺服器首位!80級食人妖
1413	伺服器首位!80級被遺忘者
1414	伺服器首位!宗師級鐵匠
1415	伺服器首位!宗師級鍊金師
1416	伺服器首位!料理宗師
1417	伺服器首位!宗師級附魔師
1418	伺服器首位!宗師級工程師
1419	伺服器首位!急救宗師
1420	伺服器首位!宗師級釣手
1421	伺服器首位!宗師級草藥師
1422	伺服器首位!宗師級雕銘師
1423	伺服器首位!宗師級珠寶設計師
1424	伺服器首位!宗師級製皮師
1425	伺服器首位!宗師級礦工
1426	伺服器首位!宗師級剝皮師
1427	伺服器首位!宗師級裁縫
1428	掃雷者
1436	位高權重的朋友
1456	釣上的魚隻和其他東西總數
1457	探索水晶之歌森林
1458	達成最多榮譽擊殺的大陸
1462	正義徽章獲得總數
1463	伺服器首位!北裂境先鋒
1464	英雄紋章獲得總數
1465	勇氣紋章獲得總數
1466	聯盟聲望達到崇拜總數
1467	巫妖王之怒的5人首領擊殺數
1485	擊殺巫妖王之怒的不同5人首領
1486	遠祖灘頭榮譽擊殺數
1487	最後一擊總數
1488	世界最後一擊數
1489	達成最多最後一擊的大陸
1490	競技場最後一擊數
1491	戰場最後一擊數
1492	2v2競技場最後一擊數
1493	3v3競技場最後一擊數
1494	5v5競技場最後一擊數
1495	奧特蘭克山谷最後一擊數
1496	阿拉希盆地最後一擊數
1497	戰歌峽谷最後一擊數
1498	暴風之眼最後一擊數
1499	遠祖灘頭最後一擊數
1500	遠祖灘頭中的死亡次數
1501	死於其他玩家的總次數
1502	交旗快手
1504	『盜掠者』因格瓦擊殺數(英雄俄特加德要塞)
1505	凱瑞史卓莎擊殺數(英雄奧核之心)
1506	阿努巴拉克擊殺數(英雄阿茲歐-奈幽)
1507	信使沃菈齊擊殺數(英雄安卡罕特:古王國)
1508	預言者薩隆杰擊殺數(英雄德拉克薩隆要塞)
1509	霞妮苟莎擊殺數(英雄紫羅蘭堡)
1510	蓋爾達拉擊殺數(英雄剛德拉克)
1511	『塑鐵者』斯雍尼爾擊殺數(英雄石之大廳)
1512	洛肯擊殺數(英雄雷光大廳)
1513	地脈守護者伊瑞茍斯擊殺數(英雄奧核之眼)
1514	依米倫王擊殺數(英雄俄特加德之巔)
1515	擊敗瑪爾加尼斯(英雄時光之穴:斯坦索姆)
1516	熟練釣手
1517	北裂境釣手
1518	釣上的魚隻總數
1519	釣魚技能
1524	烹飪等級
1525	每日烹飪任務完成總數
1526	每日釣魚任務完成總數
1527	最高鍊金技能
1532	最高鍛造技能
1535	最高附魔技能
1536	最高製皮技能
1537	最高挖礦技能
1538	最高草藥學技能
1539	最高銘文學技能
1540	最高珠寶學技能
1541	最高剝皮技能
1542	最高裁縫技能
1544	最高工程學技能
1545	參與勇武之環賽事次數
1546	勇武之環獲勝次數
1547	參與達拉然下水道賽事次數
1548	達拉然下水道獲勝次數
1549	參與遠祖灘頭戰場次數
1550	遠祖灘頭獲勝次數
1552	狂亂鞭炮
1556	25隻魚
1557	50隻魚
1558	100隻魚
1559	250隻魚
1560	500隻魚
1561	1000隻魚
1563	主廚萬歲
1576	血與憤怒
1596	德拉庫魯的指引
1636	競賽者外袍
1637	競賽之靈
1638	碎天破
1656	以汝之名慶萬鬼
1657	以汝之名慶萬鬼
1658	冰凍荒原勇士
1676	東部王國博學大師
1677	東部王國博學大師
1678	卡林多博學大師
1680	卡林多博學大師
1681	博學大師
1682	博學大師
1683	釀酒大師
1684	釀酒大師
1685	槲寄生下的修士
1686	槲寄生下的修士
1687	下雪吧
1688	冬幕美食家
1689	他知道你有沒有調皮搗蛋
1690	冰霜搖搖
1691	狂歡客
1692	狂歡客
1693	愛讓人變傻
1694	漂亮的幸運物就在你手邊
1695	危險的愛
1696	煙火的粉紅光束
1697	愛慕國度
1698	愛慕國度
1699	一捧愛
1700	永遠散播
1701	和我在一起!
1702	愛吃甜食
1703	我的愛就像一朵鮮紅的玫瑰
1704	我同情傻瓜
1705	發條火箭機器人
1706	暴力粉碎賽車
1707	愛讓人變傻
1716	戰場最高的最後一擊數
1717	冬握湖勝利
1718	冬握湖精兵
1719	達成最多榮譽擊殺的戰場
1721	『石之看守者』亞夏梵(25人)
1722	『石之看守者』亞夏梵(10人)
1723	車界的地精屠殺者
1727	偏愛高塔
1729	已學會的鍊金術配方
1730	已學會的鍛造設計圖
1734	已學會的工程學結構圖
1735	已學會的銘文
1737	破壞競賽
1738	已學會的珠寶學設計圖
1740	已學會的製皮圖樣
1741	已學會的裁縫圖樣
1745	已學會的烹飪食譜
1748	已學會的急救手冊
1751	門都沒有
1752	冬握湖大師
1753	『石之看守者』亞夏梵擊殺數(冬握湖10人)
1754	『石之看守者』亞夏梵擊殺數(冬握湖25人)
1755	一切都在掌握中
1756	巫妖王之怒25人首領擊殺數
1757	遠祖防禦
1759	巫妖王之怒不同25人首領擊殺數
1760	擊殺最多次的巫妖王之怒25人首領
1761	爽俐的工兵
1762	毫髮無傷
1763	火砲精兵
1764	放下它!
1765	穩如泰山
1766	遠祖保衛者
1768	巫妖王之怒25人副本完成次數(擊殺最後首領)
1770	巫妖王之怒10人首領擊殺數
1771	巫妖王之怒不同10人首領擊殺數
1772	擊殺最多次的巫妖王之怒10人首領
1773	最常飲用的飲料
1774	飲用過的各種飲料
1775	吃過的各種食物
1776	最常吃的食物
1777	北裂境美食家
1778	北裂境美食家
1779	北裂境美食家
1780	吃掉那情緒
1781	小動物騙子
1782	每日麵包
1783	每日麵包
1784	主廚萬歲
1785	超乎想像的晚餐
1786	千錘百鍊
1788	壞榜樣
1789	每日例行工作
1790	向國王致意，寶貝
1791	只有家裡好
1792	哇喔，很可愛吧?
1793	為了孩子們
1795	午餐媽媽
1796	快餐廚師
1797	部門主廚
1798	副主廚
1799	助理主廚
1800	外域美食家
1801	蘭姆西船長的淡啤酒
1816	不需防禦
1817	時光抉擇
1832	嘗起來跟雞肉差不多
1833	無限暢飲
1834	電光一擊
1836	老奸
1837	老鐵顎
1856	快縫快補(10人)
1857	快縫快補(25人)
1858	蜘蛛恐懼症(10人)
1859	蜘蛛恐懼症(25人)
1860	該走了!
1862	速殺沃菈齊
1864	什麼是埃克?
1865	封鎖!
1866	悲嘆得好
1867	死得剛剛好
1868	倒數吧
1869	戳瞎你的眼(10人)
1870	戳瞎你的眼(25人)
1871	老練的飛龍騎兵
1872	殭屍節!
1873	囉迪多迪我們愛斯卡迪
1874	你可沒有永恆(10人)
1875	你可沒有永恆(25人)
1876	打敗黑龍軍團(10人)
1877	以退為進(25人)
1919	加冰
1936	你的鹿角兔還在嗎?
1956	進修
1957	噴泉裡的金幣
1958	我聞到巨大的老鼠
1976	獲得達拉然烹飪獎勵次數
1977	獲得達拉然珠寶匠徽章數
1996	跳舞，安全第一(10人)
1997	媽媽說要好好教訓你(10人)
1998	達拉然烹飪獎勵
1999	10個達拉然烹飪獎勵
2000	25個達拉然烹飪獎勵
2001	50個達拉然烹飪獎勵
2002	100個達拉然烹飪獎勵
2016	灰白精兵
2017	灰白精兵
2018	泰彌亞預見
2019	死亡證明
2036	劇寒
2037	混沌理論
2038	尊敬長者
2039	別理崔德
2040	斷魂慕拉比
2041	脫水
2042	易碎不易碎
2043	不可思議的巨怪
2044	晶紅虛無
2045	翡翠虛無
2046	琥珀虛無
2047	火山爆發時請盡速逃生(10人)
2048	火山爆發時請盡速逃生(25人)
2049	暮光協助(10人)
2050	暮光雙人組(10人)
2051	暮光地帶(10人)
2052	暮光協助(25人)
2053	暮光雙人組(25人)
2054	暮光地帶(25人)
2056	志願工作者
2057	喔!被孤立的諾沃司
2058	蛇。為什麼一定得是蛇?
2076	棕色裝甲熊
2077	蓬毛長毛象
2078	旅者的凍原長毛象
2079	保衛者外袍
2080	黑色戰爭長毛象
2081	巨大黑色戰爭長毛象
2082	冰原長毛象
2083	巨大冰原長毛象
2084	祈倫托指環
2085	50個石之守衛者裂片
2086	100個石之守衛者裂片
2087	250個石之守衛者裂片
2088	500個石之守衛者裂片
2089	1000個石之守衛者裂片
2090	挑戰者
2091	鬥士
2092	決鬥者
2093	競爭者
2094	你心裡在想些什麼
2095	城中之銀
2096	硬幣達人
2097	有車囉!
2116	銀色黎明外袍
2136	英雄的榮耀
2137	團隊高手的榮耀(10人)
2138	團隊高手的榮耀(25人)
2139	跳舞，安全第一(25人)
2140	媽媽說要好好教訓你(25人)
2141	獸欄管理者
2142	塞滿獸倉
2143	帶領騎兵隊
2144	真是一段又長，又奇妙的旅行
2145	真是一段又長，又奇妙的旅行
2146	100俱樂部(10人)
2147	100俱樂部(25人)
2148	扼殺後裔(10人)
2149	扼殺後裔(25人)
2150	人格分裂
2151	吞噬匯合點
2152	有福共享
2153	虛無之舞
2154	毫髮無傷的布萊恩
2155	虐待軟泥怪
2156	我馬子老是想著斯卡迪
2157	王之禍
2176	他們會一起倒下(10人)
2177	他們會一起倒下(25人)
2178	令人震驚!(10人)
2179	令人震驚!(25人)
2180	減法(10人)
2181	減法(25人)
2182	孢子失落者(10人)
2183	孢子失落者(25人)
2184	怎樣都不夠(10人)
2185	怎樣都不夠(25人)
2186	不朽
2187	不滅
2188	Leeeeeeeeeeeeeroy!
2189	火砲專家
2190	給我放下它!
2191	遠祖庭院保衛者
2192	毫髮無傷
2193	爆破專家
2194	遠祖灘頭大師
2195	遠祖灘頭大師
2199	冬握湖遊俠
2200	遠祖防禦
2216	死於巫妖王之怒地城首領的最多次數
2217	死於巫妖王之怒10人團隊首領的最多次數
2218	死於巫妖王之怒25人團隊首領的最多次數
2219	5人英雄地城中的死亡總數
2256	發現北裂境
2257	凍傷
2277	接受召喚次數
2316	野蠻虛空龍
2336	頭腦異常
2357	克索諾斯恐懼戰馬
2358	戰騎
2359	迅捷飛行形態
2396	進行次數最多的戰場
2397	獲勝次數最多的戰場
2398	魔獸世界4週年紀念日
2416	硬派煮蛋
2417	狂戀巧克力
2418	巧克力中毒
2419	春爛漫
2420	貴族花園
2421	貴族花園
2422	搖吧兔寶貝
2436	荒地玫瑰
2456	吸血鬼獵人
2476	破壞競賽
2496	第五元素
2497	春爛漫
2516	小獵物獵人
2536	堆積如山的坐騎
2537	堆積如山的坐騎
2556	害蟲控管
2557	獻給所有我生命中的松鼠
2576	讓新娘臉紅
2596	畢勾沃斯先生擊殺數
2676	我找到了!
2716	雙天賦專精
2756	銀白競逐
2758	銀白奮戰
2760	達納蘇斯崇拜勇士
2761	艾克索達崇拜勇士
2762	諾姆瑞根崇拜勇士
2763	鐵爐堡崇拜勇士
2764	暴風城崇拜勇士
2765	奧格瑪崇拜勇士
2766	森金崇拜勇士
2767	銀月城崇拜勇士
2768	雷霆崖崇拜勇士
2769	幽暗城崇拜勇士
2770	聯盟崇拜勇士
2771	部落崇拜勇士
2772	衝刺!
2773	不過是點皮肉傷
2776	冬握湖大師
2777	達納蘇斯勇士
2778	艾克索達勇士
2779	諾姆瑞根勇士
2780	鐵爐堡勇士
2781	暴風城勇士
2782	聯盟勇士
2783	奧格瑪勇士
2784	森金勇士
2785	銀月城勇士
2786	雷霆崖勇士
2787	幽暗城勇士
2788	部落勇士
2796	每月啤酒
2797	貴族園丁
2798	貴族園丁
2816	受崇拜的部落銀白勇士
2817	受崇拜的聯盟銀白勇士
2836	串~很~大~
2856	烈焰戰輪擊殺數(奧杜亞10人)
2857	銳鱗擊殺數(奧杜亞10人)
2858	『火爐之主』伊格尼司擊殺數(奧杜亞10人)
2859	XT-002拆解者擊殺數(奧杜亞10人)
2860	鐵之集會擊殺數(奧杜亞10人)
2861	柯洛剛恩擊殺數(奧杜亞10人)
2862	霍迪爾戰勝數奧杜亞10人)
2863	索林姆戰勝數(奧杜亞10人)
2864	芙蕾雅戰勝數(奧杜亞10人)
2865	彌米倫戰勝數(奧杜亞10人)
2866	威札斯將軍擊殺數(奧杜亞10人)
2867	『觀察者』艾爾加隆擊殺數(奧杜亞10人)
2868	奧芮雅擊殺數(奧杜亞10人)
2869	尤格薩倫擊殺數(奧杜亞10人)
2870	『風暴看守者』艾瑪隆擊殺數(冬握湖10人)
2872	烈焰戰輪擊殺數(奧杜亞25人)
2873	銳鱗擊殺數(奧杜亞25人)
2874	『火爐之主』伊格尼司擊殺數(奧杜亞25人)
2875	柯洛剛恩擊殺數(奧杜亞25人)
2879	彌米倫戰勝數(奧杜亞25人)
2880	威札斯將軍擊殺數(奧杜亞25人)
2881	『觀察者』艾爾加隆擊殺數(奧杜亞25人)
2882	奧芮雅擊殺數(奧杜亞25人)
2883	尤格薩倫擊殺數(奧杜亞25人)
2884	XT-002拆解者擊殺數(奧杜亞25人)
2885	鐵之集會擊殺數(奧杜亞25人)
2886	奧杜亞攻城區(10人)
2887	奧杜亞攻城區(25人)
2888	奧杜亞前廳(10人)
2889	奧杜亞前廳(25人)
2890	奧杜亞守衛者(10人)
2891	奧杜亞守衛者(25人)
2892	驟狂斜廊(10人)
2893	驟狂斜廊(25人)
2894	奧杜亞的秘密(10人)
2895	奧杜亞的秘密(25人)
2903	奧杜亞勇士
2904	奧杜亞征服者
2905	金剛不壞(10人)
2906	金剛不壞(25人)
2907	超大車庫(10人)
2908	超大車庫(25人)
2909	拆掉那些砲塔(10人)
2910	拆掉那些砲塔(25人)
2911	全面壓制(10人)
2912	全面壓制(25人)
2913	環軌砲擊(10人)
2914	環軌火網(10人)
2915	環軌猛轟(10人)
2916	環軌火網(25人)
2917	環軌猛轟(25人)
2918	環軌砲擊(25人)
2919	刮鱗快手(10人)
2921	刮鱗快手(25人)
2923	鐵矮人，三分熟(10人)
2924	鐵矮人，三分熟(25人)
2925	粉碎(10人)
2926	粉碎(25人)
2927	耐熱(10人)
2928	耐熱(25人)
2929	圍爐(25人)
2930	圍爐(10人)
2931	削弱工程學(10人)
2932	削弱工程學(25人)
2933	削弱廢料機器人(10人)
2934	削弱重力彈(10人)
2935	削弱廢料機器人(25人)
2936	削弱重力彈(25人)
2937	盡快拆除(10人)
2938	盡快拆除(25人)
2939	符文大師墨吉姆，就決定是你了(10人)
2940	風暴召喚者布倫迪爾，就決定是你了(10人)
2941	破鋼者，就決定是你了(10人)
2942	符文大師墨吉姆，就決定是你了(25人)
2943	風暴召喚者布倫迪爾，就決定是你了(25人)
2944	破鋼者，就決定是你了(25人)
2945	但我跟你同一國(10人)
2946	但我跟你同一國(25人)
2947	不能在昏迷狀態執行該動作(10人)
2948	不能在昏迷狀態執行該動作(25人)
2951	敞開雙臂(10人)
2952	敞開雙臂(25人)
2953	卸除手臂(10人)
2954	卸除手臂(25人)
2955	奪命目光(10人)
2956	奪命目光(25人)
2957	奧杜亞團隊高手的榮耀(10人)
2958	奧杜亞團隊高手的榮耀(25人)
2959	搖滾吧，礫石(10人)
2960	搖滾吧，礫石(25人)
2961	要冰了，笑一個(10人)
2962	要冰了，笑一個(25人)
2963	我最酷~的朋友(10人)
2965	我最酷~的朋友(25人)
2967	這裡越來越冷了(10人)
2968	這裡越來越冷了(25人)
2969	整個冬天都有人罩(10人)
2970	整個冬天都有人罩(25人)
2971	別待在閃電中(10人)
2972	別待在閃電中(25人)
2973	全部一起上(10人)
2974	全部一起上(25人)
2975	何必開嗜血?(10人)
2976	何必開嗜血?(25人)
2977	希芙加持(10人)
2978	希芙加持(25人)
2979	樹倒啦(10人)
2980	溫室裡的花朵(10人)
2981	溫室裡的花朵(25人)
2982	回歸大自然(10人)
2983	回歸大自然(25人)
2984	伐林計畫(25人)
2985	伐林計畫(10人)
2989	幫我們設好炸彈(10人)
2995	敵我不分(25人)
2996	暗影閃避者(10人)
2997	暗影閃避者(25人)
3002	超重黑洞(25人)
3003	超重黑洞(10人)
3004	哭泣吧，凡人(10人)
3005	哭泣吧，凡人(25人)
3006	愛貓成癡(10人)
3007	愛貓成癡(25人)
3008	我為卿狂(10人)
3009	接吻和好(10人)
3010	我為卿狂(25人)
3011	接吻和好(25人)
3012	古神也作古(10人)
3013	古神也作古(25人)
3014	傾牆而出(10人)
3015	潛伏於夢境之間(10人)
3016	潛伏於夢境之間(25人)
3017	傾牆而出(25人)
3018	獲得征服紋章
3036	觀察完畢(10人)
3037	觀察完畢(25人)
3056	環軌報喪(10人)
3057	環軌報喪(25人)
3058	心都碎了(10人)
3059	心都碎了(25人)
3076	九命怪貓(10人)
3077	九命怪貓(25人)
3096	致命鬥士的冰霜巨龍
3097	矮人末日(10人)
3098	矮人末日(25人)
3117	伺服器首殺!死神葬送者
3118	樹倒啦(25人)
3136	『風暴看守者』艾瑪隆(10人)
3137	『風暴看守者』艾瑪隆(25人)
3138	敵我不分(10人)
3141	闇境中的兩盞明燈(10人)
3142	瓦蘭尼珥，遠古諸王之錘
3157	闇境中的三盞明燈(10人)
3158	闇境中的一盞明燈(10人)
3159	闇境孤軍(10人)
3161	闇境中的三盞明燈(25人)
3162	闇境中的兩盞明燈(25人)
3163	闇境中的一盞明燈(25人)
3164	闇境孤軍(25人)
3176	解放你的幻覺(10人)
3177	古樹保佑(10人)
3178	古樹、古樹保佑(10人)
3179	古樹、古樹、古樹保佑(10人)
3180	救火高手(10人)
3181	我喜歡早晨的第一口薩倫香味(10人)
3182	我想這個箱子一定很珍貴(10人)
3183	解放你的幻覺(25人)
3184	我想這個箱子一定很珍貴(25人)
3185	古樹保佑(25人)
3186	古樹、古樹保佑(25人)
3187	古樹、古樹、古樹保佑(25人)
3188	我喜歡早晨的第一口薩倫香味(25人)
3189	救火高手(25人)
3216	習得的熔煉配方
3217	追隨瑪西亞
3218	底下全是龜
3236	『風暴看守者』艾瑪隆擊殺數(冬握湖25人)
3237	幫我們設好炸彈(25人)
3256	霍迪爾戰勝數(奧杜亞25人)
3257	索林姆戰勝數(奧杜亞25人)
3258	芙蕾雅戰勝數(奧杜亞25人)
3259	伺服器首殺!『星穹防衛者』
3296	時尚主廚
3316	泰坦信使
3336	致命鬥士
3356	冬泉霜刃豹
3357	毒皮暴掠龍
3436	狂烈鬥士
3456	死人派對
3457	船長的寶藏
3478	旅人
3496	啤酒「捷」坐騎
3516	奧杜亞中的死亡次數
3536	魚人陸戰隊
3556	旅人大胃王
3557	旅人大胃王
3558	分享愛心
3559	火雞的逆襲
3576	一起來下廚
3577	一起來下廚
3578	「火雞終結者」
3579	「食物大戰!」
3580	旅人大冒險
3581	旅人大冒險
3582	泰洛卡火雞大會
3596	旅人的行程
3597	旅人的行程
3618	『神鬼戰士』魚人穆斯
3636	碧玉虎
3656	旅人
3676	白銀摯友
3677	「奪日者」
3736	小馬駕駕!
3756	狂烈鬥士冰霜巨龍
3757	無情鬥士冰霜巨龍
3758	無情鬥士
3776	征服之島勝利
3777	征服之島精兵
3778	勇士試煉
3797	上背疼痛(10人)
3798	有韌性就搞定(10人)
3799	光影不離(10人)
3800	逆王(10人)
3802	銀白告解者
3803	再用臉滾鍵盤啊
3804	糟糕透頂
3808	獻給技藝精湛(10人)
3809	獻給瘋狂的技藝(10人)
3810	獻給瘋子(10人)
3812	大十字軍的呼喚(25人)
3813	上背疼痛(25人)
3814	有韌性就搞定(25人)
3815	光影不離(25人)
3816	逆王(25人)
3817	獻給技藝精湛(25人)
3818	獻給瘋狂的技藝(25人)
3819	獻給瘋子(25人)
3836	『烈焰看守者』寇拉隆(10人)
3837	『烈焰看守者』寇拉隆(25人)
3838	地城與團隊紋章
3839	25個地城與團隊紋章
3840	50個地城與團隊紋章
3841	100個地城與團隊紋章
3842	250個地城與團隊紋章
3843	500個地城與團隊紋章
3844	1000個地城與團隊紋章
3845	征服之島明星
3846	資源過剩
3847	超超大車庫
3848	炸彈惹人嫌
3849	炸彈惹人厭
3850	掃蕩
3851	全是我的
3852	剪藍線…不，剪紅線!
3853	遍島皆是
3854	走後門
3855	旋刃葬禮
3856	撞車大賽
3857	征服之島大師
3876	1500個地城與團隊紋章
3896	黑瑪瑙獵豹
3916	十字軍的呼喚(25人)
3917	十字軍的呼喚(10人)
3918	大十字軍的呼喚(10人)
3936	各位觀眾，兩隻蟲!(10人)
3937	各位觀眾，兩隻蟲!(25人)
3957	征服之島大師
3996	360度痛苦尖刺(10人)
3997	360度痛苦尖刺(25人)
4016	地、風與火(10人)
4017	地、風與火(25人)
4018	對獵人勇士獲勝數(勇士試煉)
4019	對獵人勇士獲勝數(英雄勇士試煉)
4022	對銀白告解者帕爾璀絲獲勝數(勇士試煉)
4023	對銀白告解者帕爾璀絲獲勝數(英雄勇士試煉)
4024	對『純淨者』埃卓克獲勝數(勇士試煉)
4025	對『純淨者』埃卓克獲勝數(英雄勇士試煉)
4026	黑騎士擊殺數(勇士試煉)
4027	黑騎士擊殺數(英雄勇士試煉)
4028	對北裂境巨獸獲勝數(十字軍試煉10人)
4029	對北裂境巨獸獲勝數(大十字軍試煉25人)
4030	對北裂境巨獸獲勝數(大十字軍試煉10人)
4031	對北裂境巨獸獲勝數(十字軍試煉25人)
4032	賈拉克瑟斯領主擊殺數(十字軍試煉10人)
4033	賈拉克瑟斯領主擊殺數(大十字軍試煉10人)
4034	賈拉克瑟斯領主擊殺數(十字軍試煉25人)
4035	賈拉克瑟斯領主擊殺數(大十字軍試煉25人)
4036	對各陣營勇士獲勝數(十字軍試煉10人)
4037	對各陣營勇士獲勝數(大十字軍試煉10人)
4038	對各陣營勇士獲勝數(十字軍試煉25人)
4039	對各陣營勇士獲勝數(大十字軍試煉25人)
4040	華爾琪雙子擊殺數(十字軍試煉10人)
4041	華爾琪雙子擊殺數(大十字軍試煉10人)
4042	華爾琪雙子擊殺數(十字軍試煉25人)
4043	華爾琪雙子擊殺數(大十字軍試煉25人)
4044	完成十字軍試煉次數(10人)
4045	完成大十字軍試煉次數(10人)
4046	完成十字軍試煉次數(25人)
4047	完成大十字軍試煉次數(25人)
4048	對法師勇士獲勝數(勇士試煉)
4049	對法師勇士獲勝數(英雄勇士試煉)
4050	對盜賊勇士獲勝數(勇士試煉)
4051	對盜賊勇士獲勝數(英雄勇士試煉)
4052	對薩滿勇士獲勝數(勇士試煉)
4053	對薩滿勇士獲勝數(英雄勇士試煉)
4054	對戰士勇士獲勝數(勇士試煉)
4055	對戰士勇士獲勝數(英雄勇士試煉)
4074	『烈焰看守者』寇拉隆擊殺數(冬握湖10人)
4075	『烈焰看守者』寇拉隆擊殺數(冬握湖25人)
4078	伺服器首位!大十字軍
4079	獻給不朽
4080	獻給專注的瘋子
4096	參與征服之島戰場次數
4097	征服之島獲勝次數
4156	獻給不朽
4176	資源過剩
4177	全是我的
4256	撞車大賽
4296	勇士試煉
4297	英雄:勇士試煉
4298	英雄:勇士試煉
4316	2500個地城與團隊紋章
4396	奧妮克希亞的巢穴(10人)
4397	奧妮克希亞的巢穴(25人)
4400	魔獸世界5週年紀念日
4402	多來點DOT!(10人)
4403	幼龍太多!處理一下!(10人)
4404	她更愛深呼吸(10人)
4405	多來點DOT!(25人)
4406	幼龍太多!處理一下!(25人)
4407	她更愛深呼吸(25人)
4436	壞孩子王
4437	壞孩子王
4456	隨機巫妖王(普通)地城完成
4476	找更多
4477	找一群
4478	找一大堆
4496	戰鬥力超過九千!
4516	眾魂熔爐
4517	薩倫之淵
4518	倒影大廳
4519	英雄:眾魂熔爐
4520	英雄:薩倫之淵
4521	英雄:倒影大廳
4522	靈魂之力
4523	三面
4524	別到十一
4525	別往上看
4526	我們不是撤退;是轉進。
4527	霜翼大廳(10人)
4528	瘟疫工坊(10人)
4529	赤紅大廳(10人)
4530	冰封王座(10人)
4531	直搗城塞(10人)
4532	王者的殞落(10人)
4534	去骨(10人)
4535	齊聚一堂(10人)
4536	我上船了(10人)
4537	我掛了，還留下一堆爛攤(10人)
4538	與軟泥共舞(10人)
4539	一朝被咬，十年怕草繩(10人)
4556	隨機巫妖王(英雄)地城完成
4576	伺服器首殺!王者的殞落
4577	流感疫苗短缺(10人)
4578	噁心、胃痛、消化不良……(10人)
4579	傳送門花招(10人)
4580	吃到飽(10人)
4581	深陷邪惡(10人)
4582	寶珠低語(10人)
4583	墮王煞星
4584	黎明曙光
4585	『寒冰看守者』拓拉梵(10人)
4586	『寒冰看守者』拓拉梵(25人)
4596	顱中劍
4597	冰封王座(25人)
4598	灰燼裁決軍
4599	憤怒鬥士
4600	憤怒鬥士冰霜巨龍
4601	已經等了很久(10人)
4602	冰冠團隊高手的榮耀(10人)
4603	冰冠團隊高手的榮耀(25人)
4604	直搗城塞(25人)
4605	瘟疫工坊(25人)
4606	赤紅大廳(25人)
4607	霜翼大廳(25人)
4608	王者的殞落(25人)
4610	去骨(25人)
4611	齊聚一堂(25人)
4612	我上船了(25人)
4613	我掛了，還留下一堆爛攤(25人)
4614	與軟泥共舞(25人)
4615	流感疫苗短缺(25人)
4616	噁心、胃痛、消化不良……(25人)
4617	寶珠低語(25人)
4618	一朝被咬，十年怕草繩(25人)
4619	傳送門花招(25人)
4620	吃到飽(25人)
4621	已經等了很久(25人)
4622	深陷邪惡(25人)
4623	影之哀傷
4624	愛之深責之切
4625	無敵的韁繩
4626	我來組成頭部!
4627	大型愛心火箭
4628	英雄:直搗城塞(10人)
4629	英雄:瘟疫工坊(10人)
4630	英雄:赤紅大廳(10人)
4631	英雄:霜翼大廳(10人)
4632	英雄:直搗城塞(25人)
4633	英雄:瘟疫工坊(25人)
4634	英雄:赤紅大廳(25人)
4635	英雄:霜翼大廳(25人)
4636	英雄:王者的殞落(10人)
4637	英雄:王者的殞落(25人)
4639	瑪洛嘉領主擊殺數(冰冠10人)
4640	瑪洛嘉領主擊殺數(英雄冰冠10人)
4641	瑪洛嘉領主擊殺數(冰冠25人)
4642	瑪洛嘉領主擊殺數(英雄冰冠25人)
4643	亡語女士擊殺數(冰冠10人)
4644	砲艇戰獲勝數(冰冠10人)
4645	死亡使者擊殺數(冰冠10人)
4646	膿腸擊殺數(冰冠10人)
4647	腐臉擊殺數(冰冠10人)
4648	血親王議會擊殺數(冰冠10人)
4649	瓦莉絲瑞雅·夢行者解救數(冰冠10人)
4650	普崔希德教授擊殺數(冰冠10人)
4651	血腥女王菈娜薩爾擊殺數(冰冠10人)
4652	辛德拉苟莎擊殺數(冰冠10人)
4653	對巫妖王獲勝數(冰冠10人)
4654	亡語女士擊殺數(英雄冰冠10人)
4655	亡語女士擊殺數(冰冠25人)
4656	亡語女士擊殺數(英雄冰冠25人)
4657	『寒冰看守者』拓拉梵擊殺數(冬握湖10人)
4658	『寒冰看守者』拓拉梵擊殺數(冬握湖25人)
4659	砲艇戰獲勝數(英雄冰冠10人)
4660	砲艇戰獲勝數(冰冠25人)
4661	砲艇戰獲勝數(英雄冰冠25人)
4662	死亡使者擊殺數(英雄冰冠10人)
4663	死亡使者擊殺數(冰冠25人)
4664	死亡使者擊殺數(英雄冰冠25人)
4665	膿腸擊殺數(英雄冰冠10人)
4666	膿腸擊殺數(冰冠25人)
4667	膿腸擊殺數(英雄冰冠25人)
4668	腐臉擊殺數(英雄冰冠10人)
4669	腐臉擊殺數(冰冠25人)
4670	腐臉擊殺數(英雄冰冠25人)
4671	血親王議會擊殺數(英雄冰冠10人)
4672	血親王議會擊殺數(冰冠25人)
4673	血親王議會擊殺數(英雄冰冠25人)
4674	瓦莉絲瑞雅·夢行者解救數(英雄冰冠10人)
4675	瓦莉絲瑞雅·夢行者解救數(冰冠25人)
4676	瓦莉絲瑞雅·夢行者解救數(英雄冰冠25人)
4677	普崔希德教授擊殺數(英雄冰冠10人)
4678	普崔希德教授擊殺數(冰冠25人)
4679	普崔希德教授擊殺數(英雄冰冠25人)
4680	血腥女王菈娜薩爾擊殺數(英雄冰冠10人)
4681	血腥女王菈娜薩爾擊殺數(冰冠25人)
4682	血腥女王菈娜薩爾擊殺數(英雄冰冠25人)
4683	辛德拉苟莎擊殺數(冰冠25人)
4684	辛德拉苟莎擊殺數(英雄冰冠10人)
4685	辛德拉苟莎擊殺數(英雄冰冠25人)
4686	對巫妖王獲勝數(英雄冰冠10人)
4687	對巫妖王獲勝數(冰冠25人)
4688	對巫妖王獲勝數(英雄冰冠25人)
4713	布朗吉姆擊殺數(眾魂熔爐)
4714	布朗吉姆擊殺數(英雄眾魂熔爐)
4715	眾魂吞噬者擊殺數(眾魂熔爐)
4716	眾魂吞噬者擊殺數(英雄眾魂熔爐)
4717	鍛造大師加弗羅斯擊殺數(薩倫之淵)
4718	艾克與克瑞克擊殺數(薩倫之淵)
4719	艾克與克瑞克擊殺數(英雄薩倫之淵)
4720	天譴領主提朗紐斯擊殺數(薩倫之淵)
4721	天譴領主提朗紐斯擊殺數(英雄薩倫之淵)
4722	法勒瑞克擊殺數(倒影大廳)
4723	法勒瑞克擊殺數(英雄倒影大廳)
4724	麥爾溫擊殺數(倒影大廳)
4725	麥爾溫擊殺數(英雄倒影大廳)
4726	逃離巫妖王次數(倒影大廳)
4727	逃離巫妖王次數(英雄倒影大廳)
4728	鍛造大師加弗羅斯擊殺數(英雄薩倫之淵)
4729	獲得凱旋紋章
4730	獲得冰霜紋章
4777	征服之島最後一擊數
4778	分配過程中選擇分解物品的次數
4779	征服之島榮譽擊殺
4780	在十字軍試煉的死亡次數
4781	在冰冠城塞的死亡次數
4782	綠色啤酒節酒杯
4784	紋章收集者
4785	紋章收集者
4786	行動:諾姆瑞根
4790	札拉贊恩之死
4815	暮光毀滅者(25人)
4816	英雄:暮光毀滅者(25人)
4817	暮光毀滅者(10人)
4818	英雄:暮光毀滅者(10人)
4820	海萊恩擊殺數(晶紅聖所25人)
4821	海萊恩擊殺數(晶紅聖所10人)
4822	海萊恩擊殺數(英雄晶紅聖所10人)
4823	海萊恩擊殺數(英雄晶紅聖所25人)
4824	典藏版:迷你雷神
