1	丹莫洛
2	長灘
3	荒蕪之地
4	詛咒之地
7	黑水灣
8	悲傷沼澤
9	北郡山谷
10	暮色森林
11	濕地
12	艾爾文森林
13	世界之樹
14	杜洛塔
15	塵泥沼澤
16	艾薩拉
17	貧瘠之地
18	水晶湖
19	祖爾格拉布
20	月溪鎮
21	庫爾提拉斯
22	工程師島
23	北郡河
24	北郡修道院
25	黑石山
26	燈塔
28	西瘟疫之地
30	Nine
32	陵墓
33	荊棘谷
34	回音山礦坑
35	藏寶海灣
36	奧特蘭克山脈
37	納菲瑞提湖
38	洛克莫丹
40	西部荒野
41	逆風小徑
42	夜色鎮
43	蠻荒海岸
44	赤脊山
45	阿拉希高地
46	燃燒平原
47	辛特蘭
49	亡者之穴
51	灼熱峽谷
53	盜賊營地
54	玉石礦坑
55	Valley of Heroes UNUSED
56	英雄崗哨
57	法戈第礦坑
59	北郡農場
60	森林邊界
61	雷霆瀑布
62	布萊克威爾南瓜田
63	斯通菲爾德農場
64	馬科倫農場
65	龍骨荒野
66	祖爾德拉克
67	風暴群山
68	止水湖
69	湖畔鎮
70	石望
71	石望瀑布
72	黑暗之門
73	腐化之痕
74	淚水之池
75	斯通納德
76	農田避難所
77	安威瑪
80	暴風山脈
81	Jeff NE Quadrant Changed
82	Jeff NW Quadrant
83	Jeff SE Quadrant
84	Jeff SW Quadrant
85	提里斯法林地
86	石碑湖
87	閃金鎮
88	東谷伐木場
89	明鏡湖果園
91	阿祖拉之塔
92	明鏡湖
93	沃古爾巨魔山
94	烏鴉嶺
95	赤脊峽谷
96	伊爾加拉之塔
97	奧瑟爾伐木場
98	瑞斯班洞穴
99	反抗軍營地
100	奈辛瓦里遠征隊營地
101	庫爾森的營地
102	祖昆達廢墟
103	祖瑪維廢墟
104	暗礁海
105	莫什奧格巨魔山
106	儲藏室
107	薩丁農場
108	哨兵嶺
109	法布隆南瓜農場
111	詹戈洛德礦坑
113	金海岸礦坑
115	西部荒野燈塔
116	迷霧谷
117	格羅姆高營地
118	維爾加挖掘場
120	西泉要塞
121	靜謐花園墓場
122	祖丹亞廢墟
123	巴拉爾廢墟
125	卡萊廢墟
126	伽什廢墟
127	巴里亞曼廢墟
128	贊塔加廢墟
129	米扎廢墟
130	銀松森林
131	卡拉諾斯
132	寒脊山谷
133	諾姆瑞根
134	古博拉採掘場
135	霜鬃食人妖要塞
136	灰色洞穴
137	烈酒村
138	霧松避難所
139	東瘟疫之地
141	泰達希爾
142	鐵環挖掘場
143	莫格羅什要塞
144	塞爾薩瑪
145	奧加茲隘口
146	巨石水壩
147	遠行者小屋
148	黑海岸
149	銀泉礦坑
150	米奈希爾港
151	設計者之島
152	亡靈壁壘
153	羅德隆廢墟
154	喪鐘鎮
155	夜行蜘蛛洞穴
156	索利丹農場
157	阿加曼德磨坊
158	阿加曼德家族墓穴
159	布瑞爾
160	耳語花園
161	休息區
162	澈水湖
163	岡瑟爾的居所
164	加倫鬼屋
165	巴尼爾農場
166	爐灰莊園
167	十字軍前哨
168	北部海岸
169	耳語海岸
170	洛丹米爾湖
172	芬里斯島
173	法奧之墓
186	多蘭納爾
187	Darnassus UNUSED
188	幽影谷
189	鋼架補給站
190	壁爐谷
192	北山伐木場
193	安多哈爾廢墟
195	通靈術學校
196	烏瑟之墓
197	悔恨嶺
198	哭泣之洞
199	費爾斯通農場
200	達爾松之淚
201	蓋羅恩農場
202	苦痛鬼屋
203	瑪登霍爾德城堡
204	焚木村
205	丹莫德
206	俄特加德要塞
207	無盡之海
208	Unused Ironcladcove
209	影牙城堡
210	寒冰皇冠
211	湧冰湖
212	盔枕湖
213	深埃連礦坑
214	無盡之海
215	莫高雷
219	艾力克斯頓農場
220	紅雲台地
221	納拉其營地
222	血蹄村
223	石牛湖
224	被破壞的貨車
225	赤色石
226	粘絲洞
227	瓦爾甘牧場
228	瑟伯切爾
229	奧森農場
230	葛雷邁恩之牆
231	博倫的巢穴
232	黎明島
233	安伯米爾
235	芬里斯城堡
236	影牙城堡
237	破舊渡口
238	瑪爾丁果園
239	伊瓦農場
240	亡者農場
241	爛果園
242	陽光樹林
243	荒棄鬼屋
244	維普爾莊園
245	猶根農場
246	大熔爐
247	煤渣挖掘場
249	巨槌石
250	索瑞森廢墟
251	烈焰峰
252	黑石要塞
253	灰燼之柱
254	黑石山
255	暴風祭壇
256	奧達希爾
257	影絲洞
258	惡魔石
259	奧拉密斯湖
260	星風村
261	脊骨堡
262	班奈希爾獸穴
263	大斷崖
264	神諭林地
265	湧泉河
266	湧泉湖
267	希爾斯布萊德丘陵
268	艾薩拉盆地
269	丹奧加茲
271	南海鎮
272	塔倫米爾
275	敦霍爾德城堡
276	UNUSED Stonewrought Pass
277	丘陵洞穴
278	洛丹米爾收容所
279	達拉然陷坑
280	斯坦恩布萊德
281	奧特蘭克廢墟
282	破碎嶺城堡
283	屠殺谷
284	高地
285	南點哨塔
286	希爾斯布萊德農場
287	希爾斯布萊德
288	碧玉礦坑
289	奈杉德崗哨
290	丹加洛克
293	索拉丁之牆
294	東部海灘
295	西部海岸
296	South Seas UNUSED
297	哈圭羅島
298	巴拉丁海灣
299	米奈希爾海灣
300	蘆葦海灘
301	野人海岸
302	水晶海岸
303	貝殼海灘
305	北流海岸
306	南流海岸
307	望海崖
308	禁忌之海
309	鐵鬚之墓
310	水晶礦坑
311	阿博拉茲廢墟
312	加尼祿哨站
313	諾斯弗德農場
314	格沙克農場
315	達比雷農場
316	石拳大廳
317	枯木村
318	枯鬚峽谷
320	避難谷地
321	落錘鎮
322	黑水灣沉船
323	奧布瑞恩營地
324	激流堡
325	阿拉索之塔
326	密室
327	法迪爾海灣
328	水下暗礁
330	薩多爾大橋
331	梣谷
332	無盡之海
333	東部禁錮法陣
334	西部禁錮法陣
335	內禁錮法陣
336	外禁錮法陣
337	聖者之陵
338	苦痛堡壘
339	萊瑟羅峽谷
340	卡加斯
341	柯什營地
342	博夫營地
343	瓦格營地
344	卡格營地
345	埃格蒙德的營地
346	鐵趾挖掘場
347	火山洞穴
348	鷹巢山
349	蠻錘城堡
350	奎爾丹尼小屋
351	隱匿石
352	祖瓦沙
353	沙德拉洛
354	辛薩羅
355	祖爾祭壇
356	瑟拉丹
357	菲拉斯
358	刺刃峽谷
359	巴爾莫丹
360	風險投資公司礦坑
361	費伍德森林
362	剃刀嶺
363	試煉谷
364	大獸穴
365	燃刃集會所
366	科卡爾峭壁
367	森金村
368	回音群島
369	雷霆山
370	枯水谷
371	塵風洞穴
372	提拉加德城堡
373	流亡海岸
374	刃拳海灣
375	死眼海岸
377	怒水河
378	陶拉祖營地
379	前沿哨所
380	十字路口
381	石礦坑
382	淤泥沼澤
383	無水嶺
384	鬼霧峰
385	北方城堡
386	遺忘之池
387	甜水綠洲
388	死水綠洲
390	巨人曠野
391	商旅海岸
392	棘齒城
393	暗矛海灘
394	灰白之丘
395	灰喉鎮
396	冬蹄水井
397	雷角水井
398	蠻鬃水井
399	沖天嶺
400	千針石林
401	提度斯階梯
403	樹蔭旅店
404	巴爾丹挖掘場
405	淒涼之地
406	石爪山脈
407	Orgrimmar UNUSED
408	吉利吉姆之島
409	拉匹迪斯之島
410	烈風峽谷
411	巴斯蘭鬼屋
412	奧迪拉蘭廢墟
413	邁斯特拉崗哨
414	佐拉姆海岸
415	阿斯特蘭納
416	艾森娜神殿
417	火痕神殿
418	星塵廢墟
419	狼嚎谷
420	銀風避難所
421	密斯特拉湖
422	墜星湖
424	伊瑞斯湖
425	月井
426	林中樹居
427	林蔭小徑
428	夜道谷
429	薩維亞
430	薩提納爾
431	碎木崗哨
432	朵丹尼爾獸穴
433	弗倫河
434	冥火嶺
435	屠魔峽谷
436	屠魔山
437	戰歌伐木營地
438	大樹蔭
439	閃光平原
440	塔納利斯
441	法拉希姆湖
442	奧伯丁
443	瑪塞斯特拉廢墟
444	奧薩拉克斯之塔
445	峭壁之泉
446	巴莎蘭
447	亞米薩蘭
448	古樹之林
449	主宰之劍
450	雷姆塔維爾挖掘場
452	薄霧海
453	長橋碼頭
454	急彎河
455	黑木洞穴
456	壁泉河
457	迷霧之海
458	黃金之路
459	血色十字軍崗哨
460	烈日石居
461	狂風峭壁
463	峭壁湖
464	暗色湖
465	焦炭谷
466	血怒峽谷
467	石爪峰
468	猛禽洞穴
469	巨木谷
470	Thunder Bluff UNUSED
471	強風台地
472	火石台地
473	披肩石
474	Hunter Rise UNUSED
475	Spirit RiseUNUSED
476	Elder RiseUNUSED
477	朱布瓦爾廢墟
478	亞里斯瑞恩之池
479	鏽槌挖掘場
480	伊索克營地
481	裂蹄峭壁
482	風巢
483	尖嘯峽谷
484	亂風崗
485	升降梯
486	加拉克城堡
487	飛羽洞穴
488	老屋
489	薩蘭納爾
490	安戈洛環形山
491	剃刀沼澤
492	烏鴉嶺墓園
493	月光林地
495	凜風峽灣
496	蕨牆村
497	水光莊園
498	血沼墓穴
499	暗霧洞穴
500	摩戈爾哨塔
501	比吉爾的飛艇殘骸
502	女巫嶺
503	警戒崗哨
504	北點哨塔
505	西點哨塔
506	迷失哨塔
507	藍色沼地
508	石槌廢墟
509	火焰洞穴
510	黑龍谷
511	巨龍泥沼
512	黑蹄村
513	塞拉摩島
514	塞拉摩堡壘
515	鐵欄監獄
516	塵泥海灣
517	狂潮灣
518	恐懼海岸
536	腐草農場
537	火羽山
538	拉卡利油沼
539	恐懼小道
540	巨痕谷
541	馬紹爾營地
542	蘑菇石
543	葛拉卡溫泉
556	洛克湖
576	乞丐鬼屋
596	科多獸墳場
597	鬼旅崗哨
598	薩瑟里斯海岸
599	雷斧堡壘
600	波爾甘的洞穴
602	瑪諾洛克集會所
603	薩格隆
604	瑪格拉姆村
606	吉爾吉斯村
607	長矛谷
608	尼耶爾前哨站
609	科卡爾村
616	海加爾山
618	冬泉谷
636	黑狼河
637	科多石
638	秘道
639	靈魂石地
640	眠炎聖殿
656	月神湖
657	避難營
676	外域
696	Craftsmen's Terrace UNUSED
697	Tradesmen's Terrace UNUSED
698	The Temple Gardens UNUSED
699	Temple of Elune UNUSED
700	Cenarion Enclave UNUSED
701	Warrior's Terrace UNUSED
702	魯瑟蘭村
716	鐵環營地
717	監獄
718	哀嚎洞穴
719	黑暗深淵
720	勇士島
721	諾姆瑞根
722	剃刀高地
736	班尼希爾山谷
796	血色修道院
797	傑羅德碼頭
798	山巔之塔
799	暗色河灘
800	寒脊山小徑
801	寒風峽谷
802	閃光嶺
803	凍石農場
804	凍土嶺
805	南門小徑
806	南門崗哨
807	北門小徑
808	北門崗哨
809	鐵爐堡大門
810	靜水池
811	夢魘谷
812	毒蛛峽谷
813	亡靈壁壘
814	怒水河
815	怒水河
816	鋼鬃營地
817	骷髏石
818	白鬃石
819	狂風山
820	金色平原
821	草海平原
836	丹奧加茲
837	丹奧加茲
838	北門小徑
839	南門小徑
856	暮光森林
876	GM島
877	Delete ME
878	怒水河
879	怒水河
880	薩多爾大橋
881	薩多爾大橋
896	贖罪島
916	傑生農場
917	死亡農地
918	摩爾森農場
919	斯特登的池塘
920	匕首嶺
921	迪蒙特荒野
922	塵埃平原
923	石裂之谷
924	國王谷
925	奧加茲崗哨
926	巴克布雷農場
927	閃光湖岸
928	北流谷
936	灰爪山
956	青草平原
976	加基森
977	熱砂港
978	祖爾法拉克
979	流沙崗哨
980	灌木谷
981	大裂口
982	腐化之巢
983	砂槌營地
984	東月廢墟
985	清泉平原
986	薩拉辛之穴
987	天涯海灘
988	破浪海灘
989	奧丹姆
990	守衛之谷
991	古斯坦的崗哨
992	南月廢墟
996	撕裂者營地
997	撕裂者山谷
998	撕裂者之石
999	石望哨塔
1000	加拉德爾山谷
1001	湖邊大道
1002	三角路口
1016	惡鐵嶺
1017	恐龍嶺
1018	黑水沼澤
1019	綠帶草地
1020	蘚皮沼地
1021	瑟根石
1022	藍鰓沼澤
1023	鹽沫沼澤
1024	日落沼澤
1025	綠帶草地
1036	怒牙營地
1037	格瑞姆巴托
1038	龍喉大門
1039	失落的艦隊
1056	達隆山
1057	索拉丁之牆
1076	蛛網小徑
1097	寂靜河岸
1098	密斯特曼托莊園
1099	莫沙徹營地
1100	恐怖圖騰營地
1101	痛苦深淵
1102	狂風湖
1103	戈杜尼前哨站
1104	莫克高頓
1105	深痕谷
1106	亂羽高地
1107	微風湖
1108	被遺忘的海岸
1109	東部石柱
1110	西部石柱
1111	夢境之樹
1112	加德米爾湖
1113	奧奈羅斯
1114	鴉風廢墟
1115	怒痕堡
1116	羽月要塞
1117	索蘭薩爾廢墟
1118	Lower Wilds UNUSED
1119	雙塔山
1120	薩爾多島
1121	恐怖之島
1136	高原荒野
1137	低地荒野
1156	南貧瘠之地
1157	南黃金之路
1176	祖爾法拉克
1196	俄特加德之巔
1216	木喉要塞
1217	范迪爾營地
1218	TESTAzshara
1219	雷加什營地
1220	薩拉斯營地
1221	埃達拉斯廢墟
1222	赫塔拉的巢穴
1223	辛瑪洛神殿
1224	熊頭
1225	厄索蘭
1226	亞考蘭神殿
1227	風暴海灣
1228	碎裂水岸
1229	艾達拉之塔
1230	鋸齒暗礁
1231	南山海灘
1232	黑羽紀念碑
1233	淒涼山
1234	門納爾湖
1235	影歌神殿
1236	哈達爾營地
1237	瓦羅莫克
1256	廢墟海岸
1276	深爪小徑
1277	深爪小徑
1296	石牙農場
1297	野豬農場
1316	剃刀高地
1336	落帆海灣
1337	奧達曼
1338	洛丹米爾湖
1339	洛丹米爾湖
1357	絞刑場
1377	希利蘇斯
1397	翠葉森林
1417	沉沒的神廟
1437	巨槌要塞
1438	守望堡
1439	巨槌崗哨
1440	盤蛇谷
1441	暴風祭壇
1442	觀火嶺
1443	熔渣之池
1444	灰燼之海
1445	黑石山
1446	瑟銀哨塔
1457	要塞軍械庫
1477	阿塔哈卡神廟
1497	幽暗城
1517	奧達曼
1518	Not Used Deadmines
1519	暴風城
1537	鐵爐堡
1557	裂蹄堡
1577	荊棘谷海角
1578	南野人海岸
1579	Unused The Deadmines 002
1580	Unused Ironclad Cove 003
1581	死亡礦坑
1582	鐵甲灣
1583	黑石塔
1584	黑石深淵
1597	Raptor Grounds UNUSED
1598	Grol'dom Farm UNUSED
1599	莫爾杉營地
1600	Honor's Stand UNUSED
1601	Blackthorn Ridge UNUSED
1602	Bramblescar UNUSED
1603	Agama'gor UNUSED
1617	英雄谷
1637	奧格瑪
1638	雷霆崖
1639	長者高地
1640	靈魂高地
1641	獵人高地
1657	達納蘇斯
1658	塞納里奧區
1659	工匠區
1660	戰士區
1661	神殿花園
1662	貿易區
1677	加文高地
1678	索菲亞高地
1679	考蘭之匕
1680	山頭營地
1681	霧氣湖岸
1682	達倫德農場
1683	無草洞
1684	冰風崗哨
1697	迅猛龍巢穴
1698	迅猛龍平原
1699	荊棘嶺
1700	阿迦瑪戈
1701	黑棘山
1702	榮耀崗哨
1703	莫爾杉壁壘
1704	格羅多姆農場
1717	剃刀沼澤
1718	升降梯
1737	薄霧山谷
1738	納克邁尼聖泉
1739	血帆營地
1740	風險投資公司營地
1741	古拉巴什競技場
1742	靈魂之穴
1757	赤紅之霧
1758	斷潮之池
1759	少女的好運
1760	風險投資公司工作中心
1761	死木村
1762	魔爪村
1763	加德納爾
1764	血毒河
1765	血毒瀑布
1766	碎痕谷
1767	鐵木森林
1768	鐵木山洞
1769	木喉要塞
1770	暗影堡
1771	欺詐者神殿
1777	伊薩里奧斯的洞穴
1778	憂傷濕地
1779	德萊尼村
1780	斷矛路口
1797	雄鹿泥沼
1798	流沙泥潭
1817	雄鹿泥沼洞穴
1837	枯木洞穴
1857	索拉丁之牆
1858	博多戈爾
1877	巨牙谷
1878	漫塵盆地
1879	幻象平地
1880	羽鬚小屋
1881	拉普索迪營地
1882	疫霧深谷
1883	瓦羅溫湖
1884	亞戈瓦薩
1885	西利瓦薩
1886	爬蟲廢墟
1887	伯根的棚屋
1897	造物者遺跡
1898	塵風峽谷
1917	沙爾瓦薩
1937	熱影廢墟
1938	破碎石柱
1939	深沙平原
1940	塔納利斯南海
1941	時光之穴
1942	沼澤地
1943	鐵石高原
1957	黑炭谷
1958	製皮匠營地
1959	塵火谷
1977	祖爾格拉布
1978	蘆葦崗哨
1997	血毒崗哨
1998	刺枝林地
2017	斯坦索姆
2037	奎爾薩拉斯
2057	通靈學院
2077	暮光谷
2078	暮光海岸
2079	奧卡茲島
2097	黑雲峰
2098	黎明墓穴
2099	石望要塞
2100	瑪拉頓
2101	烈酒旅店
2102	雷酒釀酒廠
2103	米奈希爾城堡
2104	深水旅店
2117	灰影墓穴
2118	布瑞爾城鎮大廳
2119	恐懼之末旅店
2137	The Pools of VisionUNUSED
2138	鬼霧獸穴
2157	巴爾丹城堡
2158	艾博斯塔夫的巢穴
2159	奧妮克希亞的巢穴
2160	狂風礦坑
2161	羅蘭之墓
2177	戰鬥之環
2197	預見之池
2198	破影峽谷
2217	斷矛村
2237	白沙崗哨
2238	戈尼亞
2239	贊恩之眼
2240	沙漠賽道
2241	霜刀石
2242	隱秘小林
2243	木喉崗哨
2244	寒水村
2245	麥索瑞爾
2246	冰火溫泉
2247	冰薊嶺
2248	丹曼達爾
2249	霜語峽谷
2250	梟翼樹叢
2251	凱斯利爾湖
2252	凱斯利爾廢墟
2253	墜星村
2254	班薩羅獸穴
2255	永望鎮
2256	暗語峽谷
2257	礦道地鐵
2258	蘑菇谷
2259	UNUSEDThe Marris Stead
2260	瑪瑞斯農場
2261	墓室
2262	達隆郡
2263	皇冠哨塔
2264	考林路口
2265	血色十字軍營地
2266	提爾之手
2267	血色十字軍教堂
2268	聖光之願禮拜堂
2269	布洛米爾
2270	劇毒林地
2271	東牆之塔
2272	北谷
2273	祖爾瑪夏
2274	瑪茲拉羅
2275	北地哨塔
2276	奎爾林斯小屋
2277	病木林
2278	瘟疫要塞
2279	斯坦索姆
2280	DO NOT USE
2297	達隆米爾湖
2298	凱爾達隆
2299	達隆米爾湖
2300	時光之穴
2301	薊皮村
2302	泥潭沼澤
2303	風裂峽谷
2317	南海
2318	無盡之海
2319	無盡之海
2320	無盡之海
2321	無盡之海
2322	迷霧之海
2323	迷霧之海
2324	迷霧之海
2325	迷霧之海
2326	迷霧之海
2337	剃刀嶺兵營
2338	南海
2339	無盡之海
2357	血牙營地
2358	林歌神殿
2359	綠爪村
2360	銀翼哨站
2361	永夜港
2362	雷姆洛斯神殿
2363	怒風獸穴
2364	無盡之海
2365	無盡之海
2366	黑色沼澤
2367	希爾斯布萊德丘陵舊址
2368	塔倫米爾
2369	南海鎮
2370	敦霍爾德城堡
2371	丹加洛克
2372	希爾斯布萊德農場
2373	東部海灘
2374	奈杉德崗哨
2375	達隆山
2376	南點哨塔
2377	索拉丁之牆
2378	西部海岸
2379	碧玉礦坑
2397	無盡之海
2398	無盡之海
2399	無盡之海
2400	禁忌之海
2401	禁忌之海
2402	禁忌之海
2403	禁忌之海
2404	塔迪薩蘭
2405	艾瑟雷索
2406	拉納加爾島
2407	考米克小屋
2408	葬影村
2417	黑石小徑
2418	摩根的崗哨
2419	滑石
2420	龍翼小徑
2421	德拉考達爾
2437	怒焰裂谷
2457	夜歌森林
2477	迷霧之海
2478	莫洛亞藍
2479	翡翠聖地
2480	碧火谷
2481	克斯特拉斯廢墟
2497	痛苦海岸
2517	污染者高地
2518	拉瑞斯小亭
2519	木爪嶺
2520	木爪巢穴
2521	沃丹提斯河
2522	伊斯迪爾廢墟
2537	恐怖圖騰崗哨
2538	阿帕拉耶營地
2539	瑪拉卡金
2540	滾岩峽谷
2541	希塞爾山谷
2557	厄運之槌
2558	逆風谷
2559	鑽石河
2560	埃瑞丁營地
2561	罪惡谷
2562	卡拉贊
2563	摩根墓場
2577	厄運之槌
2597	奧特蘭克山谷
2617	瑟卡布斯庫的營地
2618	碧火小徑
2619	索多里爾河
2620	索多里爾河
2621	米雷達爾湖
2622	瘟疫之痕
2623	魔刃之痕
2624	黑木湖
2625	東牆大門
2626	惡蛛隧道
2627	恐懼谷
2637	卡加希亞要塞
2657	白骨之谷
2677	黑翼之巢
2697	亡者路口
2717	熔火之心
2737	甲蟲之牆
2738	南風村
2739	暮光營地
2740	水晶谷
2741	甲蟲之台
2742	亞什蟲巢
2743	佐拉蟲巢
2744	雷戈蟲巢
2757	戰士之魂神殿
2777	UNUSED Alterac Valley
2797	黑暗深淵
2817	水晶之歌森林
2837	大師的地窖
2838	石壩小徑
2839	奧特蘭克山谷
2857	加基森競技場
2877	Chunk Test
2897	佐拉姆加前哨站
2917	傳說大廳
2918	勇士大廳
2937	格羅高克營地
2938	沉睡峽谷
2957	深鐵礦坑
2958	石爐哨站
2959	丹巴達爾
2960	冰翼小徑
2961	霜狼村
2962	哨塔高地
2963	冷齒礦坑
2964	冰斧要塞
2977	冰血要塞
2978	霜狼要塞
2979	托克雷農場
3017	霜刀小徑
3037	鐵石營地
3038	維吉爾之坑
3039	塔霍達廢墟
3057	征戰平原
3058	冰翼洞穴
3077	勇士之墓
3097	蟲群之柱
3098	暮光崗哨
3099	暮光前哨站
3100	暮光營地廢墟
3117	沙爾札魯的巢穴
3137	塔倫迪斯營地
3138	雷瑟斯聖所
3139	慘月洞穴
3140	鱗鬚洞穴
3157	滾岩洞穴
3177	戰歌勞工營地
3197	冰風營地
3217	巨槌競技場
3237	The Maul UNUSED
3257	格拉卡隆之骨
3277	戰歌峽谷
3297	霜狼墓地
3298	霜狼小徑
3299	丹巴達爾小徑
3300	冰血墓地
3301	落雪墓地
3302	石爐墓地
3303	雷矛墓地
3304	冰翼碉堡
3305	石爐碉堡
3306	蠻爪嶺
3317	惡齒村
3318	杜洛坦之石
3319	銀翼樹林
3320	戰歌伐木場
3321	銀翼要塞
3337	蠻爪洞穴
3338	迷霧裂隙
3357	尤亞姆巴島
3358	阿拉希盆地
3377	毒蛇小徑
3378	希爾雷克祭壇
3379	沙德拉札爾
3380	哈卡萊獵場
3381	希瓦拉爾之角
3382	比塞克神廟
3383	血火之池
3384	血神祭壇
3397	贊札高地
3398	瘋狂之緣
3417	托爾貝恩大廳
3418	污染者之穴
3419	帕格漁場
3420	農場
3421	鐵匠舖
3422	伐木場
3423	金礦
3424	獸欄
3425	塞納里奧城堡
3426	鹿盔崗哨
3427	銅鬚營地
3428	安其拉
3429	安其拉廢墟
3430	永歌森林
3431	逐日者之島
3432	達斯雷瑪神殿
3433	鬼魂之地
3434	甲蟲工匠區
3435	將軍工匠區
3436	倉庫
3437	孵化室
3438	狹谷
3439	守衛工匠區
3440	甲蟲工匠區
3441	將軍工匠區
3442	倉庫
3443	孵化室
3444	狹谷
3445	守衛工匠區
3446	暮光小徑
3447	奧泰爾的隱居處
3448	甲蟲工匠區
3449	將軍工匠區
3450	倉庫
3451	孵化室
3452	狹谷
3453	守衛工匠區
3454	安其拉廢墟
3455	北海
3456	納克薩瑪斯
3457	卡拉贊
3459	城鎮
3460	金色湖岸
3461	日帆泊地
3462	晴風村
3463	博學者之門
3464	遠行者居所
3465	北部聖所
3466	西部聖所
3467	東部聖所
3468	薩瑟里的避風港
3469	薩爾倫的出租商行
3470	靜語池
3471	活木森林
3472	蔚藍海岸
3473	艾蘭達之湖
3474	烈焰邊境
3475	拉伯瓦薩
3476	托爾瓦薩
3477	阿茲歐-奈幽
3478	安其拉之門
3479	迷霧之海
3480	暮萎營地
3481	暮萎尖塔
3482	死亡之痕
3483	地獄火半島
3484	日尖塔
3485	法薩瑞安學院
3486	拉文霍德莊園
3487	銀月城
3488	安寧地
3489	日冠村
3490	金霧村
3491	風行者村
3492	風行者塔
3493	太陽聖所
3494	明月聖所
3495	晨星尖塔
3496	旅行者營地
3497	安都拉斯
3498	安泰拉斯
3499	安歐恩
3500	死亡之域
3501	血色通靈塔
3502	哀嚎通靈塔
3503	薩藍迪斯島
3504	托爾莊園
3505	光底礦坑
3506	安狄里安莊園
3507	戰斧嶺
3508	阿曼尼小徑
3509	日傷山峰
3510	阿曼尼地下墓穴
3511	詛咒神教之塔
3512	札布索拉
3513	艾蘭達之湖
3514	死亡之痕
3515	艾蘭達之河
3516	札布泰拉
3517	札布諾瓦
3518	納葛蘭
3519	泰洛卡森林
3520	影月谷
3521	贊格沼澤
3522	劍刃山脈
3523	虛空風暴
3524	藍謎島
3525	血謎島
3526	安曼谷
3527	失事地點
3528	銀線湖
3529	奈斯特灌木林
3530	暗影山脊
3531	潛隱路
3532	黎明小路
3533	銀月廢墟
3534	費司之路
3535	地獄火堡壘
3536	索爾瑪
3537	北風凍原
3538	榮譽堡
3539	命運階梯
3540	扭曲虛空
3541	煉冶場:黑色祭壇
3542	光榮之路
3543	大裂縫
3544	裂片曠野
3545	地獄火堡壘
3546	遠征隊軍械庫
3547	基爾加丹王座
3548	煉冶場:狂怒
3549	侵略點:殲滅者
3550	伯盧恩廢墟
3551	夏納廢墟
3552	特爾哈曼神廟
3553	阿葛納爾之池
3554	獵鷹哨站
3555	瑪格哈崗哨
3556	海艾斯洞穴
3557	艾克索達
3558	艾蘭達瀑布
3559	奈斯特山丘
3560	安曼牧場
3561	神聖樹林
3562	地獄火壁壘
3563	地獄火堡壘
3564	餘燼林地
3565	塞納里奧避難所
3566	月翼獸窟
3567	機艙群骸
3568	機艙殘骸
3569	海潮窪地
3570	怒鱗崗哨
3571	鬚肢村
3572	靜松要塞
3573	奧迪席斯平臺
3574	瓦拉船台
3575	淤塞海岸
3576	藍色守望
3577	吉索的營地
3578	獸欄殘骸
3579	背叛者海灣
3580	狂風山尖
3581	狂風小徑
3582	薩斯葛爾
3583	碧晶海岸
3584	血色守望
3585	劍木林
3586	旋繞導航器
3587	星移活塞
3588	冬眠核心
3589	赤紅地帶
3590	怒鱗巢穴
3591	羅薩倫廢墟
3592	納茲維恩
3593	艾克薩瑞安
3594	黑泥沙海岸
3595	邪惡池塘
3596	隱秘沙洲
3597	琥珀網小徑
3598	龍痕島
3599	魔爪看臺
3600	鬚肢營地
3601	怒羽山脊
3602	凱索十字路
3603	泰勒希歐營地
3604	血咒沙洲
3605	海加爾廢墟
3606	海加爾山
3607	毒蛇神殿洞穴
3608	復仇者之陵
3609	Unused3
3610	燃刃廢墟
3611	氏族守望
3612	血咒島
3613	卡拉達爾
3614	天歌湖
3615	元素王座
3616	獰笑骷髏廢墟
3617	戰槌山丘
3618	戈魯爾之巢
3619	奧倫山脊
3620	奧倫瀑布
3621	日春湖
3622	日春崗哨
3623	艾瑞斯平臺
3624	煉冶場:恐懼
3625	煉冶場:仇恨
3626	泰拉
3627	北風斷崖
3628	哈剌
3629	南風斷崖
3630	歐夏剛
3631	靈魂原野
3632	夏瑪那
3633	先祖之地
3634	風蘆村
3635	Unused2
3636	元素高原
3637	吉爾索洛堡壘
3638	試煉競技場
3639	銀謎小島
3640	匕首沼地村
3641	昂布拉凡村
3642	菲拉芬村
3643	血鱗領地
3644	泰倫多爾
3645	薩布拉金
3646	跨格山脊
3647	重生峽谷
3648	死亡污泥
3649	斯博格爾
3650	安格拉斯營地
3651	安格拉斯要塞
3652	方格洞穴
3653	毒蛇之湖
3654	排水之地
3655	昂布拉凡湖
3656	沼澤光之湖
3657	暮光之門
3658	孢子風之湖
3659	瀉湖
3660	劍之小道
3661	劍齒峽谷
3662	平民大廳
3663	遺棄的莊園
3664	太陽女獵師
3665	獵鷹之翼廣場
3666	哈剌尼盆地
3667	開闢泥沼
3668	波哈姆廢墟
3669	競技場
3670	望海崖
3671	破碎之丘
3672	瑪格哈利隊伍
3673	奈辛瓦里狩獵隊
3674	塞納里奧灌木林
3675	杜瑞
3676	迷霧辛諾
3677	迷霧斯奇司
3678	迷霧撒拉斯
3679	司凱堤斯
3680	黑風谷
3681	火翼崗哨
3682	葛蘭戈瓦村
3683	碎石堡
3684	艾蘭里堡壘
3685	噬骨者廢墟
3686	迷霧里斯克
3687	奧萊姆貝斯
3688	奧齊頓
3689	迷霧瑞斯克
3690	黑風湖
3691	艾利諾魯湖
3692	佐魯湖
3693	斯其索山脈
3694	多霧山脊
3695	破碎之丘
3696	阻礙之丘
3697	白骨荒野
3698	納葛蘭競技場
3699	獰笑骷髏庭院
3700	血色競技場
3701	競技場地面
3702	劍刃競技場
3703	撒塔斯城
3704	牧羊人之門
3705	泰拉蕊盆地
3706	黑暗之門
3707	聯盟營地
3708	部落營地
3709	夜精靈村
3710	諾達希爾
3711	休拉薩盆地
3712	52區
3713	血熔爐
3714	破碎大廳
3715	蒸汽洞窟
3716	深幽泥沼
3717	奴隸監獄
3718	斯溫派特崗哨
3719	血之谷廢墟
3720	雙塔廢墟
3721	破碎荒地
3722	法力熔爐艾拉
3723	阿克隆廢墟
3724	扭曲太空
3725	安卡特廢墟
3726	法力熔爐巴納爾
3727	廢棄農場
3728	漩渦農場
3729	聚集之地
3730	法力熔爐寇魯
3731	風暴裂口
3732	肯瑞瓦村莊
3733	紫羅蘭之塔
3734	法力熔爐杜羅
3735	裂風高原
3736	法力熔爐奧崔斯
3737	天國山脈
3738	風暴之尖
3739	熔爐基地:遺忘
3740	熔爐基地:苦難
3741	法拉隆廢墟
3742	索奎薩爾的領地
3743	軍團要塞
3744	影月村
3745	蠻錘要塞
3746	古爾丹火山
3747	惡魔深淵
3748	死亡熔爐
3749	考斯卡水池
3750	考斯卡崗哨
3751	烈日火焰崗哨
3752	伊利達瑞崗哨
3753	巴瑞廢墟
3754	薩塔祭壇
3755	厄運階梯
3756	卡拉伯爾廢墟
3757	阿塔莫露臺
3758	虛空之翼農場
3759	虛空之翼岩架
3760	阻礙之丘
3761	險惡之地
3762	風蘆小徑
3763	贊格山脊
3764	暮光山脊
3765	刺棘蔓
3766	奧雷伯爾港
3767	劍之小道
3768	鋸齒山脊
3769	雷霆王村
3770	劍齒峽谷
3771	生命之林
3772	希爾瓦納
3773	劍刃要塞
3774	戈魯爾之巢
3775	血之環
3776	血槌前哨站
3777	血槌營地
3778	德萊尼礦坑
3779	索格瑪領土
3780	黑翼集會所
3781	葛瑞許納什
3782	迷霧拉斯
3783	迷霧維克
3784	煉冶場:驚駭
3785	煉冶場:憤怒
3786	歐格利拉
3787	煉冶場:怒氣
3788	粗劣之地
3789	暗影迷宮
3790	奧奇奈地穴
3791	塞司克大廳
3792	法力墓地
3793	魔焰深谷
3794	白骨之谷
3795	夏納瑞荒地
3796	扭曲原野
3797	墜天山脈
3798	海艾斯峽谷
3799	石鐮峽谷
3800	棘牙丘陵
3801	瑪格哈營地
3802	虛無之脊
3803	深淵沙洲
3804	軍團前線
3805	祖阿曼
3806	補給商隊
3807	劫奪者荒野
3808	塞納里奧前哨
3809	南方堡壘
3810	北方堡壘
3811	葛卡茲哨站
3812	斷脊氏族崗哨
3813	苦痛之路
3814	東部補給營地
3815	遠征隊哨塔
3816	飛艇失事地
3817	測試
3818	血鱗營地
3819	暗羽營地
3820	暴風之眼
3821	典獄官監牢
3822	日蝕崗哨
3823	磨難之島
3824	血槌深谷
3825	飛龍之末
3826	匕爪峽谷
3827	維克哈爾看臺
3828	魯安曠野
3829	迷霧魯安
3830	烏鴉林
3831	死亡之門
3832	漩渦尖塔
3833	剃刀山脊
3834	瘋狂山脊
3835	塵羽峽谷
3836	瑪瑟里頓的巢穴
3837	日怒要塞
3838	斷脊氏族山脈
3839	被遺棄的軍械庫
3840	黑暗神廟
3841	暗羽陸地
3842	風暴要塞
3844	摩克納薩爾村
3845	風暴要塞
3846	亞克崔茲
3847	波塔尼卡
3848	亞克崔茲
3849	麥克納爾
3850	虛空石
3851	領地崗哨
3852	吐魯曼平臺
3854	護國者哨站
3855	血之環競技場
3856	艾蘭達路口
3857	安曼淺灘
3858	刺棘沙洲
3859	泥濘湖
3860	羅史達克林地
3861	薩拉斯小徑
3862	翻騰峽谷
3863	破碎荒野
3864	貝許爾平臺
3865	水晶背脊
3866	斯卡德
3867	刀刃峽谷
3868	環木橋
3869	法師塔
3870	血精靈哨塔
3871	德萊尼廢墟
3872	惡魔劫奪者廢墟
3873	試煉場
3874	秘境原野
3875	秘境棲木
3876	桑什倫秘境
3877	秘境領地
3878	以太皇族軍事要塞
3879	教堂庭院
3880	礦井之路通道
3881	崔爾曼礦坑
3882	侵略點:摧毀者
3883	布姆營地
3884	斷脊氏族小徑
3885	幽網山脊
3886	被遺棄的商隊
3887	難民商隊
3888	暗影之墓
3889	迷霧瑞漢茲
3890	聖光之墓
3891	腐蝕嶺
3892	苦痛山丘
3893	儀式競技場
3894	奧奇奈營地
3895	塞納里奧看守站
3896	奧多爾高地
3897	聖光露臺
3898	占卜者階梯
3899	陰鬱城
3900	侵略點:主宰者
3901	艾蘭里哨站
3902	碎石營地
3903	圓面之地
3904	詛咒之谷
3905	盤牙蓄湖
3906	血浴之地
3907	翠綠崗哨
3908	廢棄谷
3909	遺忘農場
3910	神秘森林
3911	寧靜海岸
3912	金枝小徑
3913	符石菲薩斯
3914	符石夏納多爾
3915	美橋海岸
3916	牧月森林
3917	奧齊頓
3918	托斯利基地
3919	美聲山脊
3920	破碎崗哨
3921	阿卡隆斯山脊
3922	劍刃崗哨
3923	戈魯爾之巢
3924	北槌哨塔
3925	南槌哨塔
3926	破碎平原
3927	歐朗諾克的農場
3928	詛咒祭壇
3929	征服之路
3930	伊克利普森農場
3931	劍刃庭園
3932	史凱瑟隆營地
3933	史凱瑟隆殘骸
3934	小鎮廣場
3935	巫師街
3936	死亡熔爐哨塔
3937	爐熔守望
3938	星光聖所
3939	龍喉堡壘
3940	惡臭水池
3941	Test
3942	雷森平臺
3943	侵略點:災難
3944	暗影祭壇
3945	虛空之翼小徑
3946	韋恩的避難所
3947	沸水池
3948	布萊恩和帕特測試
3949	熔岩平原
3950	赤紅守望
3951	永恆樹林
3952	龍骨橋
3953	鱗翼沙洲
3954	龍骨隧道
3955	地獄火盆地
3956	暗影階梯
3957	薩塔前哨
3958	薩塔營地
3959	黑暗神廟
3960	靈魂研磨者獸穴
3961	憂傷之翼哨站
3962	梵戈之環
3963	龍脊山脊
3964	禦天者前哨
3965	虛空之翼礦坑
3966	龍喉營地
3967	龍喉航線
3968	羅德隆廢墟
3969	瑞文達科棲所
3970	歐比希迪亞棲所
3971	印希迪恩棲所
3972	狂怒之翼棲所
3973	黑風平臺
3974	迷霧哈瑞克
3975	泰洛克之墓
3976	迷霧亞拉芮克
3977	迷霧希拉克上層
3978	迷霧希拉克下層
3979	冰凍之海
3980	匕鞘海灣
3981	瓦爾加德
3982	龍顱村
3983	俄特加德要塞
3984	尼弗瓦
3985	依米倫瀑布
3986	回音之境
3987	群矛之島
3988	卡瑪廓
3989	加爾文暗礁
3990	無賴角
3991	新阿加曼德
3992	遠古升降梯
3993	鎮西砲塔
3994	霍葛萊
3995	可笑的看臺
3996	巴爾古恩挖掘場
3997	探險者協會前哨
3998	鎮西要塞
3999	鋼鐵之門
4000	復仇臺地
4001	貝爾海姆
4002	斯考恩
4003	威德瓦堡壘
4004	鄙掠村
4005	伊瓦德遺跡
4006	夏勒布隆
4007	逝王陵墓
4008	夏圖歐的傳送門
4009	伊利達瑞訓練場
4010	泥鏈營地
4018	冬蹄營地
4019	開發之地
4020	力石礦場
4021	血孢平原
4022	甘默斯
4023	琥珀岩臺
4024	凜懼島
4025	西裂峽
4026	隘境梯臺
4027	回聲海岸
4028	裂鞭水岸
4029	裂鞭遺跡
4030	巨像海岸
4031	帕雷亞
4032	驍勇要塞
4033	冬鰭村
4034	北風之牆
4035	水泉原野
4036	嘶軸幫浦站
4037	坦卡雷村
4038	瑪格納默斯洞窟
4039	冷岩礦場
4040	尼約德之息海灣
4041	卡斯卡拉
4042	越風之地
4043	氾濫平原
4046	恐角崗哨
4047	納特的平臺
4048	餘燼窩巢
4049	塔貝薩的農場
4050	遺棄水岸
4051	冰凍林地
4052	鮮亮林地
4053	扭曲林地
4054	裂木森林
4055	凱德米爾湖
4056	俄特加德墓窖
4057	盾丘
4058	科德洛斯湖
4059	科德洛斯島
4060	浴血谷
4061	巨人小徑
4062	藥劑師營地
4063	餘燼矛塔
4064	破碎海峽
4065	夏勒宏恩
4066	霜刃峰
4067	病木林哨塔
4068	西矛哨塔
4069	北矛哨塔
4070	寒凜海岸
4071	低語峽谷
4072	子區域
4073	冬之殿堂
4074	喚醒之廳
4075	太陽之井高地
4076	Reuse Me 7
4077	索洛夫水岸
4078	刺棘高地
4079	霜刃隘口
4080	奎爾達納斯之島
4081	曦逐者
4082	辛洛倫
4083	銀月之驕
4084	血之誓約
4085	破碎之日會所
4086	日境聖所
4087	日境港
4088	日境軍械庫
4089	晨星村
4090	曙光廣場
4091	綠鰓海岸
4092	死亡之痕
4093	太陽熔爐
4094	太陽之井高地
4095	博學者殿堂
4096	克雷頓的WoW編輯地
4097	冬鰭洞窟
4098	微光海灣
4099	冬鰭避居地
4100	斯坦索姆的抉擇
4101	納森沙地
4102	克羅姆臺地
4103	納森之爪
4104	回音灣
4105	碧晶哨點
4106	卡爾洛斯臺地
4107	戰歌碼頭
4108	嘶軸簡易機場
4109	庫姆亞湖
4110	遠郡原野
4111	遠郡
4112	遠郡燈塔
4113	昂紐沛
4114	死亡看臺
4115	被遺棄之境
4116	沸水之池
4117	蒸汽之泉
4118	塔爾拉瑪斯
4119	膿瘡之池
4120	奧核之心
4121	隘境之盾
4122	博格洛克前哨
4123	瑪格默斯
4124	垂死獸穴
4125	恩吉拉聖城
4126	悲嘯通靈塔
4127	鋼顎商隊
4128	納克薩爾
4129	戰歌堡
4130	納森平原
4131	博學者殿堂
4132	艾卓納斯遺跡
4133	焦炭高崗
4134	極熱之池
4135	鮮血尖塔
4136	凋零尖塔
4137	苦痛尖塔
4138	冰凍之境
4139	幻日廣場
4140	死亡之痕
4141	托普的農場
4142	戰歌穀倉
4143	戰歌屠宰場
4144	戰歌農場前哨
4145	西點抽水站
4146	北點抽水站
4147	中點抽水站
4148	南點抽水站
4149	D.E.H.T.A.駐營
4150	卡烏的棲息地
4151	西風難民營
4152	默亞基港
4153	因度雷村
4154	落雪林地
4155	半殼號
4156	極濤磁針
4157	月眠花園
4158	繁星之眠
4159	西荒兵團駐營
4160	洛薩羅林地
4161	龍眠神殿
4162	冰霧瀑布
4163	冰霧村
4164	那金之淵
4165	阿格瑪之錘
4166	因度雷湖
4167	黑曜龍殿
4168	晶紅龍殿
4169	弗塔根堡
4170	柯爾克隆先鋒駐地
4171	骸骨之廷
4172	『憤怒之門』安格拉薩
4173	葛拉克朗安息地
4174	敗德螺旋
4175	青銅龍殿
4176	黎明之鏡
4177	溫特加德要塞
4178	溫特加德礦坑
4179	翡翠龍殿
4180	新壁爐谷
4181	十字軍臺地
4182	罪人愚行號
4183	蒼藍龍殿
4184	泰坦之途
4185	遺民之濱
4186	毒怨之地
4187	水晶之鉗
4188	腐屍農地
4189	突襲營地
4190	托爾森崗哨
4191	聖光之託
4192	霜之哀傷洞窟
4193	血色哨點
4194	辛薩卡拉
4195	冰心洞窟
4196	德拉克薩隆要塞
4197	冬握湖
4198	齊里厄雅環礁
4199	銀溪鎮
4200	沃達希爾之心
4201	沃達希爾之淚
4202	沃達希爾之淚
4203	沃達希爾之枝
4204	琥珀松小屋
4205	季至村
4206	征服堡
4207	沃德盧恩
4208	花崗岩之泉
4209	札布哈拉克
4210	德拉克薩隆要塞
4211	歐尼克瓦營地
4212	東風水濱
4213	破碎崖
4214	巨礫之丘
4215	怒牙聖壇
4216	德拉齊金遺跡
4217	黑河伐木營地
4218	心之血聖壇
4219	穴石礦坑
4220	丹亞戈
4221	鐸爾莫丹
4222	藍天伐木地
4223	奈薩里奧之喉
4224	海水之巔
4225	閃耀水岸
4226	伊斯考
4227	龍殞營地
4228	奧核之眼
4229	勘察員崗哨
4230	冷風陵地
4231	紅木貿易站
4232	復仇隘口
4233	黎明之境
4234	納克薩瑪斯
4235	心材貿易站
4236	常青貿易站
4237	雲杉峰崗哨
4238	白松貿易站
4239	白楊崗哨
4240	林邊崗哨
4241	異法陵地
4242	風險海灣
4243	溫特加德墓穴
4244	血月島
4245	影牙塔
4246	溫特加德墓塚
4247	暮嚎之穴
4248	征服之淵
4249	鐵之途
4250	瑟希斯遺跡
4251	銀溪丘
4252	破碎崖
4253	第七軍團前線
4254	龍墳荒原
4255	德拉克辛遺跡
4256	德拉克瑪湖
4257	龍脊支流
4258	北海
4259	德拉克烏洛
4260	索瓦爾德營地
4261	鬼刃崗哨
4262	灰木崗哨
4263	黎戴爾的埋伏處
4264	石之大廳
4265	奧核之心
4266	哈克爾營地
4267	沃達希爾小徑
4268	魯巫娜的營地
4269	群鱗聖壇
4270	德拉克托通道
4271	俄特加德之巔
4272	雷光大廳
4273	奧杜亞
4275	銀白看臺
4276	司瑟拉圖斯祭壇
4277	阿茲歐-奈幽
4278	德拉克索璀原野
4279	德拉克索璀
4280	德拉克亞苟
4281	亞榭洛:黯黑堡
4282	雪崩地
4283	失落之地
4284	奈辛瓦里營地
4285	海裂之湧
4286	諾茲朗之骨
4287	卡爾塔克堡
4288	炫觸避風港
4289	生命守護者之路
4290	大河之心
4291	雨頌者之篷
4292	狂心之丘
4293	叢生沼林
4294	希伯伐洛克
4295	破碎裂片
4296	活血之柱
4297	苔行者村
4298	東瘟疫之地: 血色領區
4299	科爾拉瑪斯
4300	甬道之門
4302	擎天之柱
4303	硬拳空地
4304	天藍蜂巢
4306	霧語避難所
4307	微光之柱
4308	矛生駐營
4309	德拉克薩隆要塞
4310	賽拉瑪斯
4311	苦楚聖匣
4312	黯黑守望
4313	瑟瑞姆之歿
4314	沃塔魯斯
4315	痛苦聖匣
4316	怒爪巢穴
4317	聖光止境
4318	薩金之池
4319	辛阿布瓦
4320	苦痛露天競技場
4321	魯諾克祭壇
4322	哈寇亞祭壇
4323	辛托加
4324	金阿萊之池
4325	奎茲倫祭壇
4326	希伯德拉卡
4327	德拉克瑪布瓦
4328	辛茹克
4329	瑪姆托司祭壇
4342	亞榭洛:黯黑堡
4343	新亞法隆
4344	新亞法隆農地
4345	新亞法隆果林
4346	新亞法隆市政廳
4347	避風郡
4348	避風郡農場
4349	避風郡伐木場
4350	避風郡獸欄
4351	血色堡
4352	赤紅之焰禮拜堂
4353	聖光之尖哨塔
4354	聖光之尖
4355	緬懷墓穴
4356	死亡止境
4357	劇毒林地
4358	提爾之手
4359	國王港
4360	血色瞰臺
4361	聖光之願禮拜堂
4362	罪人愚行號
4363	瘟疫之痕
4364	布洛米爾
4365	避風郡礦坑
4366	厄索克之穴
4367	荒萎線
4368	白骨原野
4369	多里安前哨
4371	瑪姆托司爆坑
4372	佐爾馬茲堡砦
4373	佐爾希伯
4374	怒爪湖
4375	剛德拉克
4376	蠻荒灌木林
4377	新亞法隆熔爐
4378	達拉然競技場
4379	瓦爾加德
4380	鎮西旅店
4381	甬道之門
4382	塑造者殿堂
4383	湖畔起降場
4384	遠祖灘頭
4385	惡潮湖
4386	雨頌者急湍
4387	狂心之河
4388	冬握河
4389	日觸之柱
4390	嚴寒止境
4391	詐咧挖掘場
4392	風暴工匠沙洲
4393	死亡之手駐營
4394	血色旅店
4395	達拉然
4396	鏽鼻崗哨
4399	遠郡礦坑
4400	苔光之柱
4401	薩拉苟莎臺地
4402	復仇升降梯
4403	貝爾亞守望
4404	新阿加曼德旅店
4405	失落惡魔通道
4406	勇武之環
4407	霜狼大廳
4408	雷矛大廳
4411	暴風港
4412	造物者瞰臺
4413	造物者棲所
4414	血色哨塔
4415	紫羅蘭堡
4416	剛德拉克
4417	突襲軍港口
4418	K3
4419	雪盲丘
4420	雪盲殿堂
4421	迦姆
4422	布倫希爾達村
4423	希弗爾達村
4424	華爾基倫
4425	凋落礦坑
4426	伯爾之息河谷
4427	銀白先鋒駐地
4428	霜堡
4429	葛羅姆亞什失事地
4430	風暴神殿
4431	造物者動力核心
4432	足跡冷原
4433	龍脊群山
4434	尼達維里爾
4435	那維爾搖籃
4436	雪迅平原
4437	遠古寒冬山谷
4438	丹尼弗蘭
4439	霜域湖
4440	雷殞之地
4441	坦卡羅營地
4442	布萊恩營地
4443	回聲之門
4444	回聲平原
4445	奧杜亞
4446	造物者殿堂
4447	雷光之門
4448	泰坦之途
4449	奧迪斯
4450	洛肯的交易地
4451	伯爾瀑布
4452	伯爾之息
4453	洛罕達之徑
4454	風暴鑄造場
4455	凜冬洞窟
4456	沃德盧恩居所
4457	托賽格安息地
4458	炫臼礦區
4459	芮凱特異所
4460	迦姆之禍
4461	迦姆高崗
4462	晶網洞窟
4463	生命神殿
4464	秩序神殿
4465	凜冬神殿
4466	發明神殿
4467	死亡高崗
4468	亡者原野
4469	達加希的終點
4470	隱匿谷
4471	博諾的快樂之地
4472	霜握谷
4473	嚴寒陵寢
4474	雙水之濱
4475	辛波的藏身所
4476	廢棄營地
4477	暗影穹殿
4478	冷風小徑
4479	冬息湖
4480	遺忘瞰臺
4481	辛薩卡拉通道
4482	艾瑞加之橋
4483	失落通道
4484	石崖避難所
4485	發明者圖書館
4486	冰凍礦坑
4487	浮冰霜淵
4488	嚎風谷
4489	十字軍前進營地
4490	風暴頂
4491	斷骨營地
4492	烏弗蘭大廳
4493	黑曜聖所
4494	安卡罕特:古王國
4495	斐雍之砧
4496	卓頓海姆
4497	蠻荒岩臺
4498	先祖大廳
4499	荒疫之池
4500	永恆之眼
4501	銀白先鋒駐地
4502	彌米爾工坊
4503	鐵牆水壩
4504	回聲山谷
4505	止境
4506	天譴岸地
4507	破碎前線
4508	默德雷薩:死亡之門
4509	轟炸地
4510	奧多薩:荒寂之門
4511	破天者號
4512	奧格林之錘
4513	依米海姆
4514	薩鋼礦坑
4515	焚焰地
4516	鐵牆壁壘
4517	哀泣礦場
4518	寇普雷薩:驚怖之門
4519	白骨之廷
4520	瑪里庫立斯:邪鄙堡
4521	黑暗大教堂
4522	冰冠城塞
4523	寒冰皇冠
4524	英靈殿
4525	地下大廳
4526	尼約達村
4527	巴拉加德堡壘
4528	庫爾加拉要塞
4529	赤紅大教堂
4530	再活化聖所
4531	血肉作坊
4532	復仇臺地旅店
4533	辛德拉苟莎之殞
4534	威德瓦礦坑
4535	尖牙之淵
4536	霜嚎洞窟
4537	逝望山谷
4538	沉沒之環
4539	破碎神殿
4540	逝往英雄山谷
4541	先鋒醫護站
4542	塑造者大廳
4543	智慧神殿
4544	死亡止境
4545	棄置礦坑
4546	血色領區廢墟
4547	石之大廳
4548	雷光大廳
4549	巨偉之樹
4550	曦光之鏡
4551	曦光之溪
4552	衰舊之流
4553	凋落樹林
4554	珊達拉遺跡
4555	蒼藍前線
4556	紫羅蘭看臺
4557	無縛灌木林
4558	奪日者指揮所
4559	風行者瞰臺
4560	城底區
4564	卡薩斯平臺
4567	紫羅蘭堡
4568	日暮區
4569	下水道出口管道
4570	意志之環
4571	銀翼旗幟房間
4572	戰歌旗幟房間
4575	冬握堡壘
4576	中央橋樑
4577	東部橋樑
4578	西部橋樑
4579	杜布拉金
4580	十字軍之巔
4581	焰望哨塔
4582	冬際哨塔
4583	影景哨塔
4584	火焰熔爐
4585	冰川瀑布
4586	群風崖
4587	暗影森林
4588	黑色守望
4589	寒冽泥淖
4590	生命冷原
4591	靜默警戒
4592	吉摩拉克獸穴
4593	魔鬼之淵
4594	戰傷尖塔
4595	驚怖大廳
4596	苦難之環
4597	苦難高崗
4598	卡薩斯平臺
4599	下水道出口管道
4601	達拉然島
4602	力場內部
4603	亞夏梵穹殿
4604	紅日之門
4605	藍晶之門
4606	碧翠之門
4607	紫晶之門
4608	黃月之門
4609	遠祖庭院
4610	起降海灘
4611	西炫工坊
4612	東炫工坊
4613	達拉然城
4614	紫羅蘭城塞尖塔
4615	納茲安那克:遺忘深淵
4616	奪日者聖堂
4617	升降梯
4618	安東尼達斯紀念碑
4619	紫羅蘭城塞
4620	魔導師貿易區
4621	UNUSED
4622	第一軍團前進營地
4623	征服諸王大廳
4624	玷污殿堂
4625	褻瀆祭壇
4626	幻光泥沼
4627	安卡罕特墮落神殿
4628	束縛大廳
4629	寒冬之心
4630	北海
4631	育母之巢
4632	達拉然漂浮岩
4633	迅猛龍圍欄
4635	德拉克薩隆要塞
4636	腐毒小徑
4637	瓦戈斯居所
4638	紫羅蘭城塞露台
4639	變化之環
4640	加速之環
4641	轉化之環
4642	化合之環
4646	灰木湖
4650	鐵之集合場
4652	構築之地
4653	銳鱗之巢
4654	巨熔爐
4655	廢料場
4656	生命溫室
4657	大資料庫
4658	銀白聯賽場地
4665	遠征隊營地
4666	奪日者亭閣
4667	白銀誓盟亭閣
4668	庫珀的住所
4669	勇士競技場
4670	志士競技場
4671	銀白驍士競技場
4672	聯盟驍士競技場
4673	部落驍士競技場
4674	銀白亭閣
4676	奪日者亭閣
4677	白銀誓盟亭閣
4679	荒棄的洞穴
4688	claytonio test area
4692	奎爾德拉之眠
4710	征服之島
4722	十字軍試煉
4723	勇士試煉
4739	織符者廣場
4740	白銀領區
4741	無人登陸的征服之島
4742	赫魯斯加臺地
4743	亡頌者之望
4747	工坊
4748	礦場
4749	碼頭
4750	機棚
4751	精煉廠
4752	部落要塞
4753	聯盟要塞
4760	海劫者航道
4763	傳送:聯盟砲艇
4764	傳送:部落砲艇
4769	赫魯斯加臺地
4809	眾魂熔爐
4812	冰冠城塞
4813	薩倫之淵
4820	倒影大廳
4832	傳送:聯盟砲艇(IGB)
4833	傳送:部落砲艇(IGB)
4859	冰封王座
4862	冰封大廳
4889	冰霜之后的巢穴
4890	普崔希德的恐懼與歡樂鍊金實驗室
4891	血之聖所
4892	赤紅大廳
4893	冰霜之后的巢穴
4894	普崔希德的恐懼與歡樂鍊金實驗室
4895	赤紅大廳
4896	冰封王座
4897	血之聖所
4898	霜之哀傷
4904	黑暗路徑
4905	天譴領主指揮所
4906	暗影王座
4908	隱藏通道
4910	霜之哀傷
4987	晶紅聖所
